compra_id,cliente_id,producto,cantidad,precio_unitario,fecha_compra
fa1f26ad-40f2-408b-bbc0-02010a28d41b,1,Camisa,4,77.95,2025-04-01
961bc4be-6e70-42e1-960d-3cef1631a0cf,2,Zapatos,1,24.75,2024-03-24
92c6a5ac-8c37-4343-8a17-c287fe783f5d,3,Chaqueta,3,56.68,2024-12-26
914fa0ad-59d9-4f9e-b88d-34e47c79f372,3,Zapatos,2,19.97,2024-11-27
ea7f102a-fb0d-4198-906c-1bcaf27bdf66,3,Pantalón,1,64.78,2023-09-02
eb118290-ac80-47ae-80ec-1199a0f11871,3,Zapatos,3,77.05,2023-11-07
e1eafbea-28f7-4e86-9deb-5eef46cf9efb,3,Chaqueta,3,146.95,2024-11-07
be908cca-f2d2-4abc-9acb-7a7b544c9218,3,Bolso,2,24.53,2023-08-11
5492a495-00d2-42c9-be88-98b8a28fa324,3,Camisa,1,128.04,2024-09-29
053ab45d-3057-4ad8-8509-692b9447aee5,3,Bolso,1,24.59,2024-10-29
ed9aca36-94f7-4d4b-8ae6-2bd4507f0b83,3,Bolso,2,15.94,2024-12-29
9d32232c-0df4-4f33-9933-2b97c5152a90,3,Zapatos,1,30.01,2024-08-16
1625a1fa-a305-403b-a94e-b7437fbc0347,4,Zapatos,2,83.84,2023-06-28
76501aab-114f-4088-8726-8859602e78ab,4,Bolso,1,140.23,2023-12-26
1b3b72bf-4189-4f86-bbbd-ab6685bf5379,4,Zapatos,3,71.73,2023-07-14
78785842-3f05-4163-a219-bba59b431101,4,Gorra,1,83.89,2024-05-10
994999d2-a77f-4799-b27b-94f231373579,4,Chaqueta,1,30.67,2024-08-18
a55d3840-bf3f-454e-9d59-f8073972d070,4,Gorra,1,109.7,2024-12-23
d6db3a86-2676-4029-941c-c165da20789c,4,Pantalón,4,109.26,2025-04-26
022b07de-e99e-4c7d-ae2a-6b319a705937,4,Pantalón,2,68.71,2024-04-15
00a5c46e-bd64-4837-bb88-c2facb6e3d62,4,Zapatos,4,104.24,2023-07-07
5ee6a072-d8ad-4842-9779-dc6fb301c2d4,5,Bolso,1,149.32,2024-06-22
42cea872-e719-4ed1-93d0-5c7a32836174,5,Gorra,4,55.75,2025-05-15
dba6d248-ef3c-4a5a-a721-372a5344d2bf,6,Camisa,3,62.54,2023-07-13
7875a264-a185-45d1-8772-9c4cbca76896,6,Pantalón,4,92.37,2024-01-07
c91cfe21-9a0f-47f5-a622-9ace66ef14fc,6,Chaqueta,1,20.47,2023-06-22
39bb734a-93c7-46a6-b078-5058ef079f7c,6,Camisa,2,131.16,2023-12-03
03ba3002-0fe4-4332-913d-df4acfbe4c35,6,Pantalón,2,107.54,2023-09-16
d6abb245-6c18-4c3a-8378-f6f1311afb87,6,Zapatos,1,85.63,2023-11-06
cd391377-d18a-43ed-8c2d-63e1c050cb0b,6,Chaqueta,4,113.86,2023-08-06
cd4f1c91-d581-4896-b70e-f07059345bfd,6,Pantalón,2,63.29,2024-10-24
35e96eba-138f-4da1-b4bf-6483393b58ac,6,Zapatos,4,31.79,2023-09-26
cca85fe7-2c12-4736-b2fa-96322baff351,7,Chaqueta,1,16.99,2024-08-15
d00dc97f-e21b-45ec-842f-9fd012d8772e,7,Zapatos,4,91.49,2024-10-12
616a74b9-6b7a-4f0f-b9d7-c200d2e6fe83,7,Zapatos,3,132.4,2024-11-09
92ac5732-cfd0-4687-981c-7fe6acbcce99,8,Bolso,2,117.57,2025-01-30
eb01a964-5a3e-461d-8d44-1bff0a7137d7,8,Chaqueta,1,101.94,2025-03-06
1c732416-444c-4e00-8c44-3273774a7b05,8,Zapatos,1,135.73,2024-11-05
cd5895f1-bf90-43a2-a064-414a6b0308c6,8,Camisa,1,51.96,2024-01-25
e73895ba-d86b-4d51-a2f2-f41cb0f2754d,8,Bolso,4,57.31,2023-06-23
dee4a786-d832-452e-895f-7ba5d5544d4d,8,Chaqueta,2,11.3,2024-04-17
294a96e0-15c3-4a90-abcc-91291e5226b7,8,Bolso,2,83.67,2024-04-04
d46f042d-8c4e-4bda-844c-2cb4b790be50,9,Zapatos,3,44.28,2024-05-12
c5b8747b-1987-497b-92bb-7838ef355198,9,Camisa,1,90.0,2024-12-05
ab683868-2704-4a1c-b6b8-889e5cff95a4,9,Gorra,4,14.26,2024-05-24
f096db50-31c3-48eb-b13a-29316b1b86b7,9,Bolso,4,84.33,2024-06-07
9741c581-0f04-472e-8fe3-47cc6914f512,10,Pantalón,1,135.13,2024-11-06
f092f381-4981-4078-8bed-ea01a861016f,10,Chaqueta,2,131.12,2023-11-29
d5f31994-4635-4afa-a06e-b4770e46e319,11,Bolso,3,134.85,2023-12-09
85cf8fb1-793b-49f1-aa88-577721f3acb1,11,Bolso,1,114.73,2023-08-30
a169fe17-5ff9-4a22-bd0a-7555831234c3,11,Chaqueta,3,62.11,2025-02-10
1884cf7f-a8ca-4038-bac2-e000df155e63,11,Bolso,2,134.62,2024-11-29
4644aff2-b3b6-4f0d-b921-59c68cf27a12,12,Bolso,4,48.47,2024-09-08
ba5e61c5-2d78-40b3-97c6-64701236dd26,12,Zapatos,4,104.42,2024-03-09
e293be93-6d7e-4124-b9af-d9671bee899a,12,Bolso,1,19.37,2023-06-29
1c6f35aa-d2e3-43ee-a972-7d3b37ea2669,12,Bolso,3,49.1,2024-03-03
9d251d1e-caa9-45b0-a50c-d9a2eb6e44b5,13,Chaqueta,2,63.43,2025-04-28
ff7eb43a-dec0-45ee-b6d0-b13a77baf599,13,Pantalón,3,52.4,2025-04-07
7b67cd3c-dc1c-40b5-bff0-6a7e2e5d16d9,13,Chaqueta,1,33.38,2024-08-21
2fd12495-edb6-4fff-b59d-a4bf5b1b4b63,13,Bolso,4,124.38,2024-12-11
4bb93e1c-569c-492e-8f7b-481ab19322ab,13,Bolso,2,65.81,2024-12-28
c0681f6f-3e35-4165-9ddb-92f40dc27b01,13,Gorra,2,141.19,2023-10-16
8a576ada-6427-4854-86ee-62259a17c0e4,13,Bolso,4,66.43,2025-04-07
79569a16-5bca-40bc-b924-90dabcf42c11,13,Pantalón,4,12.68,2025-04-14
f34747a7-0a9f-4691-853d-d7ffe6080ef4,13,Chaqueta,1,113.56,2025-04-21
628c9438-1aa4-4b72-9c08-506019231015,14,Camisa,1,106.47,2023-08-24
b7c94bd8-298f-4d8b-bb6d-75cb21c2db8c,14,Camisa,4,32.65,2023-11-03
c73946ef-ad8f-4c9d-9a27-32ed67fe1d8f,14,Camisa,3,49.18,2025-05-28
9a643554-4ac6-4358-bc5a-b813b6a28f05,14,Pantalón,1,104.33,2023-08-14
5b66719b-2025-4eea-ac79-f20a0ac8716d,14,Zapatos,2,36.07,2023-07-08
ce5de6d3-1c63-49d5-a77f-3ab7be187175,14,Gorra,4,107.08,2024-11-29
8513e7ff-1f85-41f3-b3f3-109e3b3b95a5,14,Zapatos,1,138.42,2024-01-18
2eeb68a2-d5e9-4ea7-8af2-a06f5ad52e2c,14,Bolso,2,17.79,2023-08-05
677410e3-b0fc-4710-87f6-eb11b499d548,14,Camisa,3,59.02,2024-05-11
51e5469d-60f6-4d37-b05f-7acb882193aa,15,Bolso,2,121.39,2024-12-16
03553cab-f3a1-49eb-833d-4d73d84ced52,15,Chaqueta,4,23.53,2024-10-29
d99c7d14-c9c8-4584-8565-4639f126f21d,15,Camisa,1,96.23,2023-10-09
fe3c7bea-c678-428c-b019-ed1cf5a158ee,15,Camisa,1,93.77,2023-09-03
84df7c63-494e-4082-8190-1ba6028c2630,15,Camisa,1,76.94,2023-12-20
07e0a71c-764e-43b2-adf7-595fc2d855b0,16,Chaqueta,4,111.88,2024-06-05
a1cef389-5a05-45be-b3bf-3c6585c5e014,16,Gorra,1,137.09,2023-08-21
0dd1793f-5e14-4b6d-b3ab-9e94c9ad2210,17,Pantalón,4,110.47,2024-10-04
d97feaad-9a3f-4558-aacc-cd17de9a1929,17,Gorra,1,136.39,2023-06-18
32e99d04-25fc-471a-91e6-2f5cc19a8cab,17,Pantalón,2,10.83,2023-09-13
f2208c64-48aa-453c-aa93-db8fac9f09f5,17,Bolso,1,99.99,2024-02-06
676e3744-cc84-4b06-8c40-4ba23739074e,17,Camisa,1,52.61,2024-12-05
970398f3-a20b-4c34-988b-a95df37ec54a,17,Camisa,4,113.22,2024-07-13
57f16a61-0b58-4791-89b5-5c4fb19cfb25,17,Chaqueta,1,55.84,2024-09-14
e70f3a18-f910-481c-aa36-0940afdbad75,17,Chaqueta,3,124.95,2023-11-06
1c37f069-d5b7-4bdc-9dae-4ff232b33d7c,17,Pantalón,1,80.62,2023-10-16
094a3b27-3013-477a-aed6-cf503c5043bf,17,Chaqueta,3,54.47,2024-11-06
78edd678-5d30-4b8e-99a3-2a144ab16dd7,18,Camisa,1,63.48,2024-06-17
8b376e39-e841-4292-b0a2-a4e8aada5aef,18,Zapatos,3,47.17,2025-02-21
f520a08c-ae66-4db1-bdb3-9702d4fcfda4,18,Zapatos,1,129.6,2025-03-08
7bc280d0-e4fb-4d6e-80aa-4e6b92dc7b03,18,Chaqueta,2,143.91,2024-03-12
9487e045-e2b0-4b00-97b8-3e6be251017f,18,Zapatos,4,148.65,2024-06-28
f1926fb7-0e73-4cd0-85a5-3cfc60f7addf,18,Pantalón,1,14.34,2023-06-28
87f49e2e-c55f-4921-9aaf-1533542b6505,18,Chaqueta,2,66.68,2024-07-03
ecf09ab5-583c-4726-be4b-f711c5161cc4,18,Camisa,1,70.64,2023-09-30
6e684f5d-5a5b-4f2b-99fe-af7bd69177d3,18,Bolso,1,149.35,2024-11-30
e9fa9a9c-c69d-4184-a880-b287a98617dd,19,Pantalón,4,113.42,2025-05-06
d98f9fc1-6cc5-4797-863e-6791a0a7ced0,20,Zapatos,3,55.55,2024-08-28
35dceb9b-2072-4003-9a44-2382fa4bdc53,20,Gorra,1,74.45,2024-11-04
5b9b10e5-697d-435e-acc3-3c32c8d54e5d,20,Zapatos,4,15.2,2024-02-08
0314df30-d767-44e3-bc92-b1eae6effd8f,20,Pantalón,2,51.57,2024-01-17
5cad45ff-bd72-4771-8ab9-54b9b794b3d2,20,Bolso,4,108.9,2024-03-05
e08b4add-6b40-48ec-bf7c-97e41b637c09,20,Pantalón,3,12.28,2024-08-27
a14ef839-b0de-4b17-bb67-7383164d68a7,20,Pantalón,1,74.72,2023-09-16
8e8bcc11-809c-4bcc-8c23-f0916b7c09f1,20,Pantalón,4,88.15,2025-03-22
67c546da-c0f1-4c64-b4e0-d9fe56355c71,20,Zapatos,1,123.47,2024-10-13
4c1d7d08-9e10-417a-b44e-61ff95988b63,21,Zapatos,4,92.64,2024-06-01
a641c5d5-5c38-465f-84db-b974e4ca3acf,21,Gorra,4,68.37,2024-05-19
aad74ccb-b1f1-4763-b1f7-fa9b03bdb946,21,Gorra,2,14.45,2024-09-30
8adc34b5-cf2d-428e-9db2-2038c59f9487,21,Gorra,4,104.51,2023-12-04
b5400e45-f616-4481-8d34-1a011ad49e85,21,Camisa,3,112.57,2024-10-07
d6dc03c1-128c-44e4-b5d8-2661e17c6eae,21,Pantalón,4,106.93,2023-09-14
eeeda218-043d-47be-abaf-419d06a26783,21,Zapatos,3,17.86,2024-02-23
abd0736e-b724-40ba-8a7b-3583d13a859d,22,Gorra,3,76.33,2024-06-07
e68ba5c2-0783-46b1-afa9-d7177205c651,22,Gorra,4,71.25,2024-09-10
503155bf-d0b7-41bc-a445-d22b037545f6,22,Gorra,2,31.08,2025-02-02
49dfdb1d-ce5d-47da-8309-ba3b3825fa00,22,Zapatos,1,148.77,2024-07-20
70611c96-ea3a-4ce5-a912-83a0dc29433f,22,Gorra,1,94.88,2024-06-05
3f05b662-0b3a-4b93-84fc-0b71a9b959c8,22,Gorra,1,44.25,2023-06-23
562b8b2a-61b1-4983-825b-b485badd1432,22,Camisa,3,148.04,2024-08-24
8bb09e9e-63dc-4684-842a-d7f2ae8a574c,22,Camisa,1,120.0,2024-05-19
18e02979-c3c3-41f9-84ed-f152ac6870c2,22,Chaqueta,3,125.86,2023-10-11
93e57aec-61b6-4fb1-8e60-52760d9a11f6,22,Camisa,4,56.43,2024-04-06
9a999322-ecb9-4f4b-920e-26e5f1ac5357,23,Chaqueta,2,129.57,2024-09-29
22d28444-84d8-4f71-a874-7cd61c1d3c95,23,Zapatos,1,109.89,2024-05-17
d728ed52-1391-4caf-9376-71f3fe4368ed,23,Zapatos,1,28.25,2024-09-09
ac9e7e1e-4a03-45b6-8958-13ebca8dcaa8,23,Zapatos,1,37.39,2024-08-01
03d20eeb-6cda-430b-a32c-9538fe07780c,23,Bolso,3,124.12,2023-11-11
97a5876e-ec61-4843-b22d-6a13b7852b19,23,Pantalón,1,72.93,2023-11-28
ba1aa731-51e3-45d6-9b04-d0f3b4a8eb4a,23,Bolso,3,96.3,2024-09-13
2fb866d2-9973-4fa4-b104-104e17af29df,23,Pantalón,3,53.16,2024-12-22
0c49059d-d49b-471a-8438-1ca46fda91e9,23,Bolso,1,130.66,2025-03-05
aae93576-a0fd-492e-914f-0484599fd7bf,24,Chaqueta,3,67.62,2024-05-02
8549cc39-f5fb-4227-bcb4-7c70598f757a,24,Bolso,4,97.46,2023-11-25
9c919872-ff5e-42f4-b82f-2004c03c5efc,24,Camisa,1,19.9,2025-01-01
8955ec85-293b-419f-a696-60ce8d09d5d6,24,Gorra,3,87.8,2025-03-12
a5752249-cbef-41bc-92ac-3c3161436067,24,Gorra,1,17.9,2024-01-18
5dffe372-43c2-44bc-8116-d2d05a096e63,24,Chaqueta,4,117.73,2023-10-03
cf5a0353-6a87-4d07-8cfa-9854f162fcf6,25,Zapatos,2,10.42,2024-07-07
e3c4c7d8-e65e-46cc-835c-655238a707ba,25,Camisa,3,13.19,2024-09-25
d5f4d5ff-0439-41da-a528-440a41bf2e9d,25,Chaqueta,1,106.52,2023-07-05
ed2600f6-02c0-43c1-b186-98c9d16c0860,25,Chaqueta,4,10.74,2024-03-04
69d5a106-479b-40f3-bae4-7b98e8ac3410,25,Gorra,4,137.77,2024-12-29
e23be013-da1e-4bf7-8735-bf60d521544c,25,Chaqueta,1,58.13,2024-04-18
a1963eac-76ea-4275-8080-536879847fc8,25,Camisa,4,125.93,2024-11-04
a4facd1e-e938-4f4a-b3ff-48a885a05ba8,25,Bolso,4,28.28,2025-03-05
17dfd09f-31b2-4d14-b42e-685b8d4f194b,26,Bolso,2,126.62,2024-10-03
5a528b81-8cf9-4046-b9f1-945645a4ab8f,26,Camisa,3,145.68,2024-12-23
261db41c-9ae0-4dd2-bf5f-689099a769b4,26,Gorra,2,98.02,2024-04-05
8dca5e2a-86fc-4aee-b224-106e2270d98e,26,Bolso,2,42.81,2024-02-21
e6dbc692-d5e4-42d5-b005-f9762d284766,26,Pantalón,2,143.39,2023-10-23
c8a0fe26-17cc-4c6a-bc4d-c44b33496ffa,27,Gorra,3,39.33,2024-02-14
ea7a03fa-0339-4fd5-81cf-aa322a717548,28,Chaqueta,3,33.26,2025-01-14
1bb1a68e-5e93-4314-ad6f-14b1637dda19,28,Chaqueta,2,85.88,2024-11-16
3584a569-718f-46d0-a7a8-065a7c8a7533,28,Chaqueta,4,32.25,2024-05-23
3c1e3be6-5a41-424e-8015-e344806011d0,28,Camisa,3,22.7,2025-03-09
9f9f5857-44fa-4442-be11-93403391e831,29,Pantalón,3,145.63,2023-12-20
996d4da4-9edb-431d-bd6a-18e10f8db871,30,Camisa,2,15.9,2023-07-11
e99d5326-5023-48f9-ada9-869b023cf534,30,Camisa,3,102.27,2024-03-09
031872f3-27b7-415e-9f85-45e0a549bfde,30,Pantalón,1,20.29,2024-03-23
7de4e165-e8a7-4625-86cc-8a22ad9dc78a,31,Pantalón,2,73.23,2024-06-02
abc4018e-4e55-4388-979b-721b47c20656,31,Camisa,4,133.27,2023-11-07
bbb05d60-de2f-43f2-b281-e24b58fde9ee,31,Chaqueta,2,142.97,2024-03-07
55c1ead6-dac8-46da-989d-04903a934ca6,32,Pantalón,3,148.61,2024-04-21
b3d0d3eb-ec63-485f-8093-ba25e5d4c312,32,Gorra,1,117.81,2025-06-06
28d4f4b5-1ad8-4a32-9f30-30eb4237f6fc,32,Camisa,4,124.54,2025-01-13
32406791-bbf8-4237-a028-60d34d0262d6,32,Pantalón,2,76.09,2024-05-12
69010c76-49da-4e4a-849f-3cc67436498c,32,Zapatos,2,57.57,2025-01-10
cf6ad37c-c123-4e9b-8480-97e51472d279,32,Pantalón,4,118.25,2025-05-22
d6bc0225-2dcd-4f9b-bbcc-ea11ddf27d74,32,Chaqueta,1,82.92,2023-07-05
d1810ccf-cfb6-43de-b840-013c74b7a471,32,Chaqueta,4,68.21,2024-02-27
cdb3b0f1-c2dc-4857-b8ae-42349577fc04,32,Chaqueta,4,68.02,2024-04-20
0459543f-9fb2-49b7-baee-83e83488d700,33,Gorra,1,121.08,2023-08-25
de3b05ac-dde5-4514-93c8-62b7ff169bb6,33,Gorra,4,90.91,2025-03-16
869a7099-5796-4dbb-bcba-f8d0194f5762,33,Bolso,1,21.95,2023-07-27
8b591b94-36c1-4c34-a580-d5c36cfd27d8,33,Bolso,3,75.58,2024-11-04
c9af339c-352e-4a4b-8eb5-b5a32345ff2f,33,Bolso,2,127.75,2025-06-12
7e3aa58a-8221-4b54-9172-f7f0ac1ab85e,33,Camisa,4,90.25,2024-07-31
fd6da379-7530-419b-b28c-f68a39f0c5db,33,Chaqueta,2,15.67,2023-07-10
2bf72b27-b13e-4f99-a24d-702ff169b099,33,Bolso,1,60.21,2023-10-31
7c755ebe-c92e-4e44-848b-5c94ab61ef1d,33,Camisa,3,52.33,2025-05-15
42f57203-e0b4-455d-a846-0e6921189e17,33,Camisa,2,130.13,2025-04-09
af2387b3-3452-42b7-8ba0-51e1a8f00e0f,34,Camisa,2,104.25,2025-01-01
233e3afe-63ca-4954-bf31-e99e49d6e6ef,34,Pantalón,3,37.41,2023-09-12
01c60a77-14b9-4a4b-b3ed-ad8e15fe8e64,34,Pantalón,3,147.34,2024-09-08
e1d89489-8eeb-43f6-804c-90d33e97c7a4,34,Bolso,2,38.48,2024-07-27
d35971d3-d7ec-462d-91a0-2734e231d229,34,Pantalón,3,64.54,2023-12-05
11a9cd4a-75ae-45df-97e3-14209169e04e,34,Chaqueta,3,145.76,2024-07-23
a3d3a3b4-c4cb-4656-af69-e4d819918411,34,Zapatos,2,66.01,2025-04-30
4d140a08-f983-40bf-b9fa-83b4e31753be,34,Gorra,1,25.06,2023-12-08
e53e8257-7270-4c44-b748-644ab051965b,35,Chaqueta,1,118.63,2025-02-05
54a66dd7-7383-4996-aebd-0510421192e0,35,Zapatos,3,144.39,2025-06-11
e0f9f072-ec4c-41ed-bf3f-281b4ff3fba9,35,Camisa,4,79.74,2024-09-14
56f30f3b-f99b-453a-b9d7-a35d2d40085e,35,Pantalón,4,147.82,2025-04-15
6ed5cb63-c7bf-4157-b7de-66c03980db70,35,Zapatos,4,13.78,2024-04-01
d0faa1e7-4ced-49e2-8ba3-588af9692637,35,Zapatos,3,107.28,2024-05-09
9dce6add-d08b-4032-81f7-75d67c8a3496,35,Pantalón,4,111.19,2024-11-13
5307a1a8-c540-4c5a-b270-3248e5e9ce91,35,Camisa,3,55.21,2024-10-26
0acaad91-2294-438f-be76-6bc45a687867,35,Pantalón,1,134.8,2024-04-03
1af66e91-44e5-40c4-a631-135002fc5a1d,36,Chaqueta,3,38.04,2024-09-04
e6509bed-66ff-4060-91e0-5a991402d00e,36,Gorra,3,56.44,2025-02-04
64113a3e-0b3f-4aa7-b283-34c78df30439,36,Zapatos,3,49.13,2024-10-08
01605bfb-aaaf-43df-85f7-783935c74547,36,Camisa,2,142.43,2024-03-27
650db6f8-295a-474a-8eab-f01ed501f22d,36,Chaqueta,1,122.56,2023-09-11
b2bea646-39fd-4770-8041-4d85a2ea3650,36,Chaqueta,1,55.29,2023-09-19
8742f2b3-544d-4189-a9ae-e3a73559f24b,36,Chaqueta,2,95.29,2024-02-25
876bdab4-404b-4315-be0b-7a539264d47d,36,Pantalón,1,92.74,2024-12-03
1566181d-a62c-4f72-8142-5e2d4fc7c98a,36,Zapatos,2,22.6,2023-10-01
6ad3d388-9264-4c5f-afe3-b4cdbc27bdd1,36,Gorra,4,90.93,2025-01-29
87e5cf54-6d73-4889-b7ba-5fca39ee9df9,37,Zapatos,4,87.19,2025-02-18
37e4ac1a-7626-42aa-bbef-1ecb5ccb4a24,38,Zapatos,4,104.29,2024-02-24
86086ea9-25d3-47e4-b1b4-46e80ea0abc6,38,Chaqueta,2,99.6,2025-02-14
96bb392a-b105-4418-8ab3-4898273937ca,38,Gorra,1,145.47,2025-04-16
4bb18704-9d80-4f6d-9492-88602e9d6583,39,Chaqueta,4,20.65,2024-12-03
309f5a98-77d9-4d4b-aa48-36972e9469db,39,Bolso,3,129.9,2024-09-26
0c5185d3-f43f-4002-8c77-610cb607b381,39,Camisa,4,145.5,2024-06-21
cd346489-50de-4b9b-9079-194963890cba,39,Gorra,3,62.29,2024-03-21
8b04dbe8-f3c0-4304-ab5e-e333bace12f6,39,Zapatos,2,23.56,2025-04-09
85146924-7110-4845-8eea-e974c873ea4f,39,Pantalón,1,112.1,2023-11-13
7b186ddc-2fc9-42e1-874b-a18d64cb99aa,39,Chaqueta,2,80.65,2024-04-03
c7c95624-a0f3-45bf-be1b-c61832ac59ae,39,Bolso,2,135.86,2023-07-29
9641367c-4093-4a8a-a520-4073aa1ae8f2,39,Zapatos,1,62.13,2024-05-04
4ae1e30a-9a08-42b8-8c0c-d07bf131d678,39,Zapatos,4,143.05,2025-06-08
e40fe918-d35c-4391-82e8-40fd8c236ecd,40,Pantalón,3,79.02,2023-11-18
41afabc9-e13c-4522-a284-85f5e07c293a,40,Bolso,4,34.37,2023-07-22
c0b96366-04ea-45d0-b045-7934989ebc5d,40,Camisa,2,84.88,2023-12-26
7c5706e1-d1c8-40f3-b414-c6edbe49b9c9,40,Bolso,3,145.63,2024-09-29
5c58c608-9373-4b2f-92cd-bb0bc4d98816,40,Pantalón,3,68.77,2024-06-20
0faa37f0-d8f2-43a3-bb18-baef359f7706,40,Bolso,3,90.65,2024-09-22
6f0c405d-abe5-4842-8249-2c00882f433d,40,Pantalón,1,43.31,2024-01-06
81f9845b-6d05-4038-bccd-c343cc0318d5,41,Camisa,1,87.62,2025-03-31
c6fdaeab-13fa-45a0-9b85-10292d57df4b,41,Chaqueta,4,78.35,2024-03-04
99b8d6e7-544f-4fda-9770-ad7099a2103b,41,Pantalón,2,33.76,2024-05-23
7126a6eb-c5d2-40be-b1f1-c5a52ca57d77,41,Gorra,4,102.17,2025-03-17
1455ddc9-bedd-41c0-b65a-975a868ab509,41,Bolso,4,22.93,2024-06-05
c46fe081-9c13-4bc9-a96f-2d485e5337d2,41,Zapatos,3,86.08,2024-05-05
376c784f-b9fd-4f84-a09d-f81cf8682d2e,41,Zapatos,1,42.61,2024-10-30
60fdae66-10dc-4ecd-a385-91808d780f5f,41,Zapatos,4,68.99,2024-06-19
ccc41d84-7645-4414-8761-11cdef66e92d,41,Chaqueta,1,110.27,2023-12-14
1fd2d25d-3940-48b2-aa55-f800813742d0,42,Camisa,1,17.24,2025-05-06
784a17b7-871d-4fae-ac97-75f2d57c29a6,42,Zapatos,1,148.23,2025-01-03
0562decb-e4b3-4ca7-9c7f-17f31180ea46,42,Gorra,3,139.14,2023-11-22
4a2b3c09-f068-42ef-8df2-9dbf24850680,42,Bolso,4,111.91,2024-05-08
0276193d-dff7-4a02-b5f5-48edf1472243,42,Chaqueta,2,72.25,2024-07-22
f023d4c0-457a-4f3a-88eb-82abcc5c4a30,42,Pantalón,3,44.27,2024-01-09
d1bb88c9-fc21-4c7f-8b3e-f80a49626a5a,42,Bolso,1,39.89,2023-07-08
29307538-fde9-4759-9c20-548142e9c44d,42,Chaqueta,4,88.38,2023-07-13
2213d704-d1c7-4458-994f-329c204dedc0,43,Camisa,1,12.42,2024-09-15
6f4d6e50-126d-483d-b9ea-72a87b35c188,43,Camisa,2,132.44,2025-01-18
554ca617-f022-4732-9a2e-1901c65d173f,43,Chaqueta,3,24.68,2025-03-20
46d11836-00bd-4505-a8fe-43881d4eae60,43,Gorra,1,105.36,2023-11-19
32891028-2e29-4f90-87c7-9b51ef7deece,43,Chaqueta,4,97.08,2024-04-30
94e809ff-b778-4f72-8c38-2302790ea259,43,Camisa,1,27.79,2023-08-14
611a9c3e-b3a9-40c6-895d-b71a519c1c77,43,Chaqueta,3,32.49,2024-07-02
4e6f7d6d-02f9-4512-97ae-3a92b137b9ea,43,Chaqueta,3,11.95,2025-03-01
bad337a2-5db4-4125-8854-6dc439841b53,43,Bolso,3,54.96,2023-09-12
9751ea57-8010-46df-9134-ac25dc753720,43,Bolso,4,130.41,2024-01-17
729dbfda-45b1-4e68-b750-9109c6467d02,44,Camisa,2,58.52,2024-05-14
c2f594a8-1a9b-40f4-aaa3-b4f3ac6b2fb9,45,Chaqueta,3,111.92,2025-03-06
695f8550-b82b-4278-9d9e-83834a28cfe3,45,Bolso,1,62.81,2024-08-21
627f0de3-2a34-4346-8421-7fe4eadab361,45,Chaqueta,3,79.19,2024-12-28
347f9cf8-1e09-4f0c-92bb-d43962b1973d,45,Pantalón,1,103.49,2023-12-08
4e51a6f0-1e0d-430e-8c6a-e52fbdc16f01,46,Gorra,1,38.46,2023-08-21
b8a01ec2-8da7-4ca8-b74f-cb2189303eae,46,Bolso,2,128.0,2025-03-06
96fa1980-216f-4028-acaf-403cb1ab1992,46,Zapatos,2,44.22,2024-02-14
cd47df28-d5e2-4270-8152-4c68127c3ea1,46,Camisa,4,37.19,2024-01-19
fe85df80-4716-4525-ab9e-562ac95e02d7,47,Gorra,4,14.15,2025-03-06
e7116ebf-28c9-4dd7-b8c2-a34ed1b0da6b,47,Gorra,1,132.37,2025-05-08
1adb7387-7f7e-4c41-bbea-ab83a961dd35,47,Gorra,4,59.52,2025-03-25
7d16d750-02f2-4d05-beed-8a9c8c027bc7,47,Gorra,3,48.66,2025-01-29
21432fac-0d7c-4df0-8046-1246ca5b522c,48,Zapatos,1,140.58,2024-09-08
c08f5a09-e9b0-4b82-80f6-ef3b4f54eb53,48,Camisa,1,106.48,2024-11-09
37ac57a6-1ee0-4c90-8f7a-06274f2d4e17,48,Pantalón,2,124.3,2024-11-23
01f015fd-60c9-457b-b227-0e8cee831017,48,Chaqueta,1,12.35,2024-08-05
6f23b302-42f8-4895-b982-81891c92f671,48,Bolso,4,101.29,2023-07-23
a673e199-a331-4ca2-8d18-f49c9a059927,48,Chaqueta,4,142.97,2025-04-14
fb5dbd4a-2746-4a36-bb29-db9d9955b3e7,48,Zapatos,3,56.07,2025-01-22
0cd3db71-61cc-43c9-bd5c-17e0307fee4a,48,Gorra,1,18.26,2024-03-10
1a5d3407-36ef-4033-9382-ef2cbb4128ec,49,Zapatos,1,140.09,2024-06-29
7ecbb69c-4378-432b-8292-33eed6acd576,49,Chaqueta,4,78.02,2025-01-09
dc372603-c032-45ea-b14b-d9aabe512d93,49,Pantalón,4,33.06,2024-04-16
ff6b95af-b3b1-4b66-8278-1b8c1851262c,49,Pantalón,1,13.21,2024-08-19
f7b322a1-6bb1-4257-a655-921a3eb49c35,50,Pantalón,2,45.63,2023-11-07
29f211bc-9f33-4b8b-a7ce-9c007465fc49,50,Camisa,1,37.15,2025-01-14
efd9672e-a36c-4f9f-945a-df66499e869d,50,Gorra,1,18.78,2024-10-17
023c69f6-7cc0-4589-bfae-86be0bab4731,51,Camisa,4,67.49,2023-09-09
5ca0719a-8503-4b5c-82be-601013562ab7,51,Pantalón,3,40.61,2024-12-30
4a5da3bc-1cab-49dc-8662-a022f1acb130,51,Bolso,3,70.15,2024-09-08
1971577f-e3e9-4db0-8c88-f00239437b37,51,Camisa,1,49.95,2024-04-18
ea4d4434-06bc-4912-858d-d923f248245a,51,Chaqueta,2,142.05,2025-04-07
4e83abc7-63d3-47fd-89cd-80e44b007a6f,52,Camisa,2,62.83,2023-10-01
1c5d76e9-009c-4c17-907a-a7e0fee97bc8,52,Bolso,4,79.78,2024-03-22
b3f983ac-32fd-47bb-bfcb-5cf230d56709,53,Camisa,4,52.6,2024-12-28
49fe0af7-d10d-49d0-9cb2-79bac4459f00,54,Zapatos,1,94.6,2025-05-13
32e73f66-0c02-4c69-8661-dd7542a3d6c5,54,Pantalón,2,48.24,2025-01-12
e8ecbd58-8fec-4f40-be8d-24bea7cb81a9,54,Camisa,4,124.96,2023-08-16
5515ed69-282e-42f2-92ff-25c559447551,54,Zapatos,3,136.78,2024-07-30
bfc18599-2973-46a4-8701-f9b1cb7c8906,54,Pantalón,3,27.78,2024-12-08
970f067d-c69f-4eb1-bfdb-cf2b23d26d08,54,Zapatos,3,145.11,2024-05-21
3da6575c-2d87-4ebf-9a41-3cae0f620c02,54,Camisa,4,144.48,2023-10-04
7ea3b6ed-4b0b-4725-b149-2904207377f6,54,Bolso,4,108.92,2024-08-23
ce7a2cda-036e-439a-b25d-40c43a8d44c2,55,Gorra,2,23.08,2024-10-24
8a62383d-7abb-41a5-bcca-88ed50829c27,55,Bolso,4,112.87,2024-07-14
9c9812d8-5e11-421c-bcbb-1b7af508cf16,55,Gorra,2,55.25,2023-07-08
de0e20e6-ea74-4856-beda-88d8557efdbc,56,Zapatos,3,71.08,2024-08-15
f6b09de0-87eb-41b5-b7f8-08a4deb44b81,56,Zapatos,2,82.12,2024-06-29
96beea5c-cdcf-48a0-957b-5d004e6e4a08,56,Pantalón,2,131.47,2024-12-28
3f52a206-f29b-41f5-a541-bbd05561fb25,57,Gorra,4,137.64,2023-11-15
b2b50d8a-46ae-4ef1-8937-49e3f5a45e53,57,Chaqueta,3,89.35,2023-08-16
135e7ba5-8f0b-49d8-a6ec-898af5fe782b,57,Chaqueta,4,83.84,2023-08-18
97c25125-3d8f-44c6-b5be-0a119c42c6f8,57,Chaqueta,1,29.42,2024-09-14
5ca58186-c0ad-46c6-bdd7-44590a947513,57,Gorra,4,28.84,2024-08-14
bd18bba0-6134-49db-8511-051e77da85e7,57,Bolso,2,101.29,2024-01-29
c1198dac-cda3-4663-b97e-e37a73027c20,57,Camisa,1,23.68,2024-05-29
71d8b966-d5b1-4d94-8219-3ae48c266703,57,Zapatos,3,31.15,2024-03-06
13112309-433b-43b0-b45c-614973d98c23,57,Camisa,4,71.85,2025-05-24
6711af37-ae6f-4526-b181-993d42200f5b,57,Gorra,4,10.03,2024-04-10
eb31e136-d24f-4088-bf78-ae4837f1174f,58,Bolso,4,138.82,2024-12-13
24541939-0f66-4a45-b163-7e187394615e,59,Camisa,1,76.05,2024-12-19
609f81b3-fecc-4757-ba7b-f335e8a0886e,59,Bolso,3,10.89,2024-12-20
9754798d-d0ac-4771-89c8-8e5c99d65de6,59,Pantalón,1,28.63,2024-05-07
4d7bf39f-e9c4-4a83-9900-db6078a0620c,59,Zapatos,4,47.86,2025-06-11
11c97ab5-ea4f-497a-86dc-6e81b74bc8a4,59,Pantalón,1,116.95,2024-09-21
d058306c-4b0e-4bc3-8798-76bf328be02b,59,Chaqueta,3,41.17,2024-08-05
003da888-f854-41aa-9fab-2f18067df00c,59,Chaqueta,1,49.86,2024-03-15
42dfef43-1e85-4a15-b210-cba19076c179,59,Pantalón,4,21.2,2024-09-24
dfb4f3dd-bd22-434a-924e-e8acbe3c752d,59,Chaqueta,3,54.96,2025-05-02
65af071d-b451-49f7-b2ac-cda9fb9a34be,60,Bolso,4,134.81,2023-06-27
22144bce-1cca-4ce6-8210-2c3863b7db0a,60,Bolso,2,67.3,2023-11-22
c9c014b1-5916-492f-9815-522c17de21db,60,Zapatos,3,49.9,2023-06-30
995393b7-4ace-4638-8dce-933389154844,61,Bolso,1,28.08,2024-08-20
bf414cc9-4246-4dee-86ed-3d0ca33bd289,61,Chaqueta,4,123.27,2025-03-23
f6b66906-8865-497c-bece-84482b6ee74d,61,Camisa,1,129.46,2024-12-19
eabbfef8-b8f2-4a57-ae65-1eaf9b8ee752,61,Bolso,4,89.92,2023-12-21
2b207658-03c7-4762-9bc3-79b10da1c4e8,61,Gorra,1,106.97,2023-08-06
85672ff7-8eea-46e8-bf8c-a83a95ba30ec,61,Gorra,1,13.45,2024-09-09
d5624f74-d627-465f-aa32-1b3b321a0cbd,61,Bolso,2,28.79,2023-08-24
ba733545-774b-4913-9d60-a0da9e5e2326,61,Bolso,2,147.12,2023-08-18
1a88b4be-c054-4b5f-b160-8a12c9a5d7a7,62,Chaqueta,1,98.66,2023-08-16
aa50e019-69f2-42e5-9cac-fa9de3382a0d,62,Pantalón,1,93.77,2024-03-26
1c0eddd1-f1e4-4116-9136-f95b96fa9fdb,62,Camisa,3,52.49,2025-03-09
afa4276e-1bfa-4594-84f9-3c82844fb5d7,62,Bolso,2,143.71,2023-10-24
22fb26e1-9717-4f03-9add-0d729a6d4dd9,63,Chaqueta,2,139.5,2024-10-26
29b479ba-a9f2-4065-95e8-946b49aea4f0,63,Bolso,3,33.27,2024-08-26
d09109d6-f82d-4feb-88b7-4fa7ebf540ab,63,Pantalón,1,57.13,2025-03-13
83f97ed1-7fc2-4f40-8977-ff48fde93643,63,Camisa,3,83.21,2023-07-12
843e0a46-6ac1-4498-a89f-826d263c16a2,63,Pantalón,2,28.11,2024-10-04
29569437-3a38-497d-badd-7649bdb6ef02,64,Bolso,1,15.28,2024-07-28
7dec0ebe-e009-41b3-8382-2ca574cd352f,65,Pantalón,2,61.08,2024-08-10
6b082165-b8fa-4712-bce7-c28485f3cd51,65,Gorra,4,105.67,2024-08-27
03465d4e-2dc8-46f6-aeab-14d78b2f966c,65,Pantalón,3,81.51,2024-05-06
d8e99138-7ab7-4a98-bf02-90df9f9b8444,66,Bolso,4,109.48,2024-03-10
97357f8d-d9b8-4f21-8fc4-6a9bf26baed1,66,Pantalón,3,142.76,2023-12-24
7b8f5a13-1059-4b62-8599-3d4b3ffc5b86,66,Pantalón,4,138.07,2025-05-10
ebd97a80-b773-4c8d-b549-4990598c9289,66,Bolso,1,115.87,2023-10-27
1368cf40-6f5a-40dd-bf30-ed764f1999ab,67,Pantalón,2,95.02,2025-02-06
d1db67d5-dd3a-486f-82fb-b70b3ceef3b9,67,Bolso,1,138.34,2024-12-22
ca54f829-9548-4704-b117-173c0aba5454,68,Camisa,2,51.54,2023-08-27
1dd34e53-fd8d-4dcf-afec-05de50e83196,68,Gorra,1,115.48,2023-12-20
504877b2-7885-4dfc-864c-7a6b72b6bc1b,68,Gorra,3,26.93,2025-05-15
fe04d65d-d4e7-498d-b791-b13eb8e8e2fb,68,Gorra,3,122.58,2025-04-11
ed0e72b4-0983-4d7e-8d76-9c72a62da466,68,Bolso,2,10.33,2024-02-02
f46de81c-ac28-42cd-9ca3-eb8d39dd861d,69,Camisa,1,62.59,2025-01-19
19192d33-fe2d-4359-a421-a1923c2056da,69,Zapatos,1,62.22,2023-09-21
bc7b5f1c-6d19-4560-9ec4-935509232b7d,69,Bolso,3,87.61,2025-03-09
12e50ee8-9142-4e76-8032-71237f4677e4,69,Chaqueta,1,125.92,2024-04-27
9ea2a3db-a2e2-4027-8c81-0cc8a70cd3ac,69,Chaqueta,2,41.13,2024-08-03
df6bbbff-83cb-48e6-88ad-dbf052e2de09,70,Zapatos,1,36.31,2025-05-11
1955ea1b-5fa7-4d41-b92f-bcb7b7933439,70,Bolso,3,137.81,2023-12-12
b6042ecd-84b6-42c3-ac22-0f4470d18f99,70,Pantalón,4,22.14,2023-06-25
58f9fffb-dbc7-4fea-87b2-232467888124,70,Camisa,2,48.89,2025-05-14
bc768bd2-0b4c-4720-a935-dabe957f2278,70,Gorra,2,42.48,2024-12-22
83119c14-778b-497c-8787-242462afc98f,70,Chaqueta,4,114.39,2024-06-05
8a21b4bc-3861-41c9-a9e3-738c63df78cf,71,Pantalón,2,105.59,2025-01-24
44b887b3-4bba-4cef-8e40-a459ff36af62,71,Camisa,2,143.78,2024-08-11
2782575a-ab5b-482f-86f3-a8c7a5ffcdf2,71,Chaqueta,4,78.81,2024-12-20
31d35bed-69b6-4ba2-9fa8-2f0d29bb0334,71,Bolso,2,147.5,2024-12-04
b4cb89f1-a175-4b15-b021-573d9a5c4c77,71,Gorra,4,11.77,2024-04-23
30c80bb1-1d3a-4f58-b5c1-25d1eb6dfbce,71,Pantalón,3,147.65,2023-11-12
7e222864-b6cd-4930-804e-2310faae95f8,71,Camisa,3,22.15,2025-01-21
2e8835f4-c246-4050-af80-b6de844e4755,72,Chaqueta,3,149.27,2024-11-03
6b1ddc46-b0c5-4b98-a280-d4fdab2a5739,72,Zapatos,2,112.34,2023-09-14
2d881cb9-bdae-48ef-969e-0a63d2ff7d3c,72,Pantalón,3,135.97,2024-12-01
f19a58df-0683-40a0-b1cf-52906ca4c9ae,72,Bolso,4,83.62,2024-04-06
d3af648e-b2ce-48b1-ad25-eb586892666e,72,Chaqueta,4,20.33,2023-08-12
71f59355-14ad-4377-ba9b-c87c74b8942e,72,Camisa,1,102.0,2023-11-25
66947da8-1cf2-4c58-8ab0-92ef22ce9afb,72,Chaqueta,3,107.41,2023-09-14
6fb0373a-1a82-40cb-b13e-4157a4dbd376,72,Bolso,3,112.81,2024-07-05
d9bb89fb-7af4-4799-ac01-608248dc83a6,72,Gorra,4,121.11,2024-10-13
a87542d5-1ebe-4241-bc4c-172972677c16,72,Camisa,1,29.23,2023-10-05
076f1b83-ed4f-4967-ab14-95b15eacaf43,73,Gorra,3,31.62,2024-06-29
d9ed180f-2109-4a02-94de-e4666dd9a67c,73,Gorra,2,77.9,2023-08-21
9f2ce659-c0b6-48d6-acf8-a7ab1955a64b,73,Camisa,2,114.73,2023-10-24
bfe3a64b-fe69-4d6a-9605-07f36ccc1cc1,74,Chaqueta,2,128.26,2025-01-17
fae9d124-64f5-4d6f-bca9-e4f2d4c19fdc,74,Bolso,1,75.8,2025-04-03
ddfdcc85-bed8-4323-8623-5a2d84f45369,74,Bolso,2,60.52,2025-03-17
e2b2ae13-031b-4e58-8600-055313d5e7d1,74,Camisa,2,87.69,2024-11-29
c5a4739c-dc61-4670-9a53-0faea6907568,74,Pantalón,2,79.72,2024-04-24
019b757b-2e29-4cb1-b2ee-4f12bae1afb2,74,Chaqueta,1,49.04,2023-09-05
d85d8012-7ccf-4685-ad0c-c8507171245a,75,Chaqueta,2,42.23,2024-12-22
f37eedf8-761e-40eb-9a7d-69814cfaf00a,75,Camisa,3,49.15,2024-07-01
6c832625-8a03-4196-a491-3d405f2de968,75,Chaqueta,1,45.62,2024-10-26
deabb927-bad5-47b8-8730-3b47621c201d,75,Chaqueta,1,55.78,2025-03-30
00733b98-c818-4ea9-9ba7-27468505c13f,75,Pantalón,4,44.26,2024-03-01
e8e6d0cc-18cf-4017-9ee9-2c18679fc32a,75,Pantalón,2,73.0,2024-09-11
a4d1a5ae-0cd8-4125-b8fa-9710e1dffd4d,75,Camisa,1,108.12,2023-06-28
2106ed9a-a58d-4a5a-9b00-1d3bb0ecd857,75,Gorra,2,88.08,2025-03-21
f8829be4-4459-4628-b00d-38f1859c10c2,75,Camisa,4,40.5,2024-11-02
9f0efe13-6e09-4e6f-bfe5-c9845107d3b7,76,Zapatos,1,55.06,2025-05-18
7367fff3-6434-4c2e-bf2e-dce422d24e07,76,Pantalón,2,135.22,2024-12-31
72ea02b9-698c-4307-a9fa-27d0818f0c06,76,Gorra,4,144.71,2025-04-23
18c5fbc4-2278-437e-a049-31a635c8ead2,76,Bolso,2,64.0,2024-06-24
c65bd021-0f84-47b9-9f58-1e652b7962c1,76,Zapatos,3,74.46,2024-03-06
2b0e897a-0862-447d-a30d-27b4055071ce,76,Bolso,3,141.68,2024-02-06
9fbb3215-150c-4579-8982-8068d4a36f2e,77,Zapatos,4,42.49,2023-09-27
89029879-e1f4-4eec-831e-e28933a70aa1,77,Chaqueta,4,148.23,2024-12-12
2363235a-6c3e-4130-aa65-1d0c9f0bd085,77,Bolso,2,74.6,2024-04-07
9aca788e-c0f2-40a8-82f4-7fb7acb5dc2e,78,Pantalón,4,32.41,2024-09-17
1af33223-310f-440f-8db3-4de1fb7a9405,78,Gorra,1,145.88,2024-08-20
a83d2893-fabf-49cf-995f-f50c540111d7,79,Chaqueta,3,106.06,2025-06-04
40bea004-1896-445b-b101-42301aecc24d,79,Gorra,1,45.24,2023-09-21
ef1fb452-56cc-41cc-99f0-bc3129593a10,79,Camisa,2,45.7,2024-02-17
57af0c90-d29b-4c1c-a033-f304c972858d,79,Zapatos,4,109.77,2025-02-06
b5cf20c2-2888-48a1-b5ce-29c82c61a967,80,Gorra,1,77.82,2024-09-02
70c20802-a21d-4f42-8412-963853f5f4b7,80,Camisa,3,19.02,2023-11-26
20d5649b-2849-41cc-b8c3-51f858b83959,80,Chaqueta,4,68.9,2025-01-03
59152ae8-fa92-48bc-b659-07418f9bb050,80,Camisa,1,106.38,2025-03-22
7d3aa47d-3b56-4afc-b338-3fe32944e846,80,Pantalón,4,69.42,2024-03-04
47153093-2464-4d6f-9248-eb1125f85227,80,Chaqueta,4,76.81,2025-02-11
1ca95d52-9738-4532-a2a9-ef1484a790ed,80,Gorra,3,97.02,2024-12-02
7549be0a-ab8b-46ec-8375-387cac5536f4,80,Gorra,2,123.03,2024-10-10
e7689dc4-9eb6-4936-9155-dd318bf965db,80,Gorra,2,134.12,2024-11-26
f1adaaf9-2184-4ac5-bd8e-98cfc4baa0ea,81,Zapatos,1,18.06,2025-04-26
4cb8fc3a-54c4-428e-8a80-ba88a2b7ffcc,81,Gorra,2,59.98,2023-07-09
17ef5768-1c9b-4d99-b2e3-73d79e37c6c2,81,Zapatos,3,10.84,2024-10-01
13fda8e3-c5da-4597-b4b1-722fbdfc86bb,81,Gorra,4,126.47,2023-12-03
004d89b2-05e4-47b1-a01e-822aae1738e3,81,Pantalón,1,14.07,2023-07-16
1cf1e4c1-139a-45dc-b23f-03ea1e62d0fc,81,Camisa,1,134.97,2024-03-06
be3bdf6d-3464-4df9-b7b1-c553f13eb22a,81,Pantalón,3,36.04,2024-07-25
5bdd528d-3e5b-45cf-8a24-acf9a7fa287c,82,Zapatos,4,119.29,2024-07-17
94363c6f-813d-4168-9029-4c95741853dd,82,Camisa,2,56.98,2024-05-04
45d53000-37fc-4119-86af-d9c9a63ca4f3,82,Zapatos,2,50.09,2024-01-15
98cbd3d5-1057-4b20-97ef-cc671ed27e09,82,Gorra,1,17.86,2024-08-13
08fff628-b410-4b1a-a07c-4edb6133f44d,82,Gorra,2,134.8,2023-07-29
2da801a6-62e6-45d2-80c9-8664909b1f19,82,Bolso,2,93.43,2023-09-07
83579c12-08f7-4d36-a374-f52e0864024a,83,Zapatos,3,46.26,2024-10-04
639c5fbb-7c83-45b6-9810-1c8cdbaa8bb3,83,Chaqueta,1,74.09,2024-05-10
3f9ba405-a1d9-45b1-b207-b63980cc06e0,83,Gorra,4,76.3,2023-11-04
c7f5549b-c5a7-43e2-a68c-d602f5700a57,83,Gorra,2,136.24,2024-05-09
baa74904-976e-42c7-bf7e-d3c172558744,83,Pantalón,2,60.42,2025-01-15
c5c0e4a3-5103-47c2-9ef0-8bf95fb4d086,83,Chaqueta,3,137.67,2024-10-18
e4b31249-bb4c-42ce-abaf-83882637ec0e,83,Gorra,3,102.18,2025-03-25
f81740da-2ea2-4e47-9975-7618f1759e17,83,Pantalón,4,84.59,2023-08-03
70832caf-8d64-4a4a-a5f5-e89ae6d186a3,83,Zapatos,4,120.5,2023-12-16
389a1332-1614-4e37-99da-28101316c193,83,Gorra,1,22.65,2025-02-16
142bce57-1eb9-4ae2-a8a1-5bd6dc9c6eed,84,Zapatos,2,82.01,2024-07-24
85e5021d-4f0e-43b5-aa65-97b408623a2d,84,Gorra,1,129.94,2024-07-28
01ff40ed-4549-4522-8c8c-40832aa223f0,84,Gorra,3,133.48,2023-11-22
eb3caccd-c5fc-4adc-9d76-c9facae6a89c,85,Gorra,1,148.98,2023-11-09
65973f0c-a799-4296-a439-71f99f077322,85,Chaqueta,1,42.38,2024-05-04
17a3312f-6f7c-46f7-a840-75f0d307ddc9,85,Zapatos,1,48.86,2025-03-07
46fbc311-a3d1-43a9-83c0-0e796408624e,85,Gorra,2,115.59,2025-01-11
80e8bf58-172c-4c2a-bc40-0fe7a33fa9aa,85,Pantalón,4,97.5,2024-01-10
8726c9e9-7bb3-454e-aaaa-2d60ddca961b,85,Camisa,1,106.47,2025-01-31
ae0250cc-e527-4f78-9ed5-5185c31f3e86,85,Bolso,4,128.62,2024-10-22
68715a86-5b48-4e95-9df0-c94fb3ed1919,85,Zapatos,1,107.07,2023-11-07
3c904bdb-dbe2-47a2-9be8-276cf1ac2d6d,86,Camisa,2,55.7,2023-12-15
35452471-672e-4c76-b2ab-9011f38e97e7,86,Bolso,2,147.61,2025-04-25
5907a5d7-e77a-4757-9311-fe8b8ab6a07f,87,Bolso,2,24.92,2023-07-13
263ee336-1b76-4d70-abaa-b706f728bba0,88,Camisa,3,78.45,2025-05-31
05fa8900-2d8d-4a52-9e75-8cb08092fcb3,88,Bolso,4,33.18,2024-05-08
5fb7bb46-683d-4778-99f8-7c3b862e2d56,88,Zapatos,4,79.8,2023-06-18
1468413c-e89a-4244-8ef8-324bda6eaf54,88,Pantalón,3,91.18,2025-05-10
acc4dc20-e6f3-47bb-bf32-ed4a71215e67,88,Camisa,4,94.25,2024-05-20
f324bb8b-f72d-40e2-b95d-c5da359d4d93,88,Bolso,2,70.93,2025-03-19
6816939d-7ff7-4292-8ca6-04b26f49dd84,89,Chaqueta,3,34.85,2025-05-26
94badbf9-93cd-46ea-9723-4f7b185c3953,89,Camisa,2,109.32,2024-05-26
cfda0f30-7698-427b-80ad-da9fb75ae7c7,89,Bolso,4,55.77,2025-04-06
fd730922-84e6-4ded-af40-fce17067d0be,89,Chaqueta,2,139.01,2025-05-10
9d7a96ca-96e2-407c-abee-e027428feb66,90,Zapatos,1,83.72,2024-10-13
6aef34b9-2059-40a7-8568-7f4c81772fee,90,Camisa,2,113.86,2023-10-08
7dde04f9-1ed1-4364-8b2f-672024dc20d0,91,Bolso,3,118.37,2025-03-21
65b13b78-8f9e-4b1b-b4cf-25f05455c9e7,91,Camisa,4,122.01,2024-05-18
21640dfb-418a-459a-9b6a-dd85ee1f637c,92,Chaqueta,4,44.77,2023-10-28
3b5965c9-d4c8-4f1e-a024-064256897408,92,Pantalón,4,96.75,2024-07-29
c8813e8a-c00e-42f1-906b-d6b95278db35,92,Zapatos,1,45.4,2024-02-18
32798436-ee52-4c95-abda-a1960752bfb8,92,Pantalón,3,106.03,2024-06-03
7ea98740-075d-4031-a464-be4a9dbeb1fe,92,Bolso,4,142.41,2024-12-28
2006b5ca-e477-4173-98f7-492c15deae90,92,Bolso,1,106.99,2024-03-11
1102b56d-79dc-4c40-a024-53e32ae6a896,93,Camisa,3,49.95,2025-05-11
633e3c2d-6ce7-4c23-9028-cce22ff06879,93,Zapatos,3,38.86,2025-04-28
e2a3e97b-606a-4723-b5fd-43a1e1885a0f,93,Camisa,4,79.48,2024-05-19
77c662c2-94f8-42bb-89f2-3cc242cfe2d1,93,Gorra,2,47.92,2025-04-20
cbe4614f-6a65-4160-8f85-5e8d5ed44dd5,93,Bolso,1,126.62,2024-12-10
73f7f123-d706-408b-a872-f6a63fc75653,93,Camisa,3,71.11,2025-03-04
8ed61978-80e7-4661-b0e0-64e18dfbfdf6,93,Chaqueta,1,79.64,2024-11-13
a3e04957-dc8c-44fb-96d0-d63bf47008ce,93,Bolso,2,59.22,2024-07-06
f0ac0757-7623-4f60-be9f-3fe95517944b,93,Zapatos,3,97.64,2024-03-08
5fb3aa56-a732-4307-a85e-99093d618f6e,94,Pantalón,3,42.98,2023-12-27
466bbe9b-695e-4aba-bfb8-18efd367b1dc,94,Pantalón,3,43.76,2023-06-17
1ee5c2dc-404e-42d0-8cc8-83fa83a32b34,94,Chaqueta,3,35.4,2023-10-24
5092c205-2f26-4132-80b0-71d3c8e5c581,94,Pantalón,2,103.12,2025-02-26
d3757e17-076b-4656-8171-a1453b04476d,94,Zapatos,4,142.59,2025-01-11
70b43217-d61a-45a5-b94b-c920580abd3d,95,Gorra,4,25.84,2023-08-06
3998a753-4007-4ca1-83c8-ecf4a14ed431,95,Chaqueta,2,52.12,2024-06-10
bbb45c46-080f-4f3b-99e5-4d3e50d69909,95,Zapatos,1,65.07,2024-06-26
39ee74ae-f7b0-4ce9-bf7c-9c1a508f6b02,95,Gorra,3,71.43,2023-11-09
e2f8666f-2694-4ee3-b024-3a10b1e3afbd,95,Camisa,4,83.75,2025-01-05
4258ae38-cac0-4229-8869-99f15e322131,95,Bolso,4,12.83,2024-06-28
ca3ea52a-88e5-4326-92b1-7007b87a38a0,95,Pantalón,3,124.68,2024-04-09
fe575c18-ab95-46b3-bbee-c1a014490cbd,95,Zapatos,1,56.81,2023-07-22
1d245473-eea6-4843-ae26-849d17620e8e,96,Chaqueta,1,119.86,2023-12-29
40c8681a-c848-4058-b4ac-e63610360774,96,Bolso,4,46.43,2024-12-09
01ed4de1-37f1-4060-b1db-9e65220151b5,96,Gorra,3,48.03,2024-11-08
7144df1c-2067-4758-b7d3-29429cab198b,97,Pantalón,4,81.39,2024-01-01
0245f180-3152-496f-9080-a7aaec36ab83,98,Zapatos,2,101.78,2024-02-28
41f03529-4762-4b51-8a26-8de9e96cc2dd,98,Bolso,2,109.15,2024-07-27
57bb515d-7581-4ae8-8718-c5852dce55c1,98,Camisa,2,40.91,2025-03-09
887984e0-dcf3-455d-aea1-79af993e6c3f,98,Zapatos,3,147.71,2025-03-28
9110b9b1-d2c9-4ee3-9f9f-a17146b518ca,98,Camisa,2,109.09,2023-12-28
74f6002c-f847-467b-966f-86b9f0ec2844,98,Pantalón,1,69.13,2024-10-29
4ff63262-78c7-40bd-9255-b5f3ec679fe4,98,Bolso,4,68.64,2024-08-03
b901ad0b-ef67-46f1-a3d4-282f99c80e82,98,Camisa,1,43.88,2024-04-27
9c3487c8-5170-4a5f-b9b7-c2a91278ee48,98,Bolso,1,36.96,2024-01-04
d3cefb5b-3feb-40db-bd75-58befc9f207f,98,Gorra,1,49.15,2024-05-11
265ef67e-e99d-4547-93b4-6f0aa59dc220,99,Chaqueta,2,30.77,2023-07-07
d8646917-137b-4916-aadd-1471ac496ce4,99,Zapatos,1,37.55,2024-09-19
99b27ce9-96d8-46ee-9505-4b4884f26dae,100,Gorra,2,100.74,2025-03-06
abcb2077-35f0-49cf-9b85-40f668346bd2,100,Gorra,2,96.47,2023-11-02
a11b084d-2b89-4186-9adb-9c731f229733,100,Zapatos,2,19.28,2024-09-05
88c63499-dce6-4331-adb9-9b560a96645e,100,Gorra,4,124.74,2024-10-03
3c53103f-1584-4770-84cb-9a530cede143,100,Chaqueta,1,114.94,2025-05-15
bcb5435f-d918-4e28-a297-d4a75175a627,101,Bolso,2,141.6,2023-09-09
aa945ec2-b67b-4ae9-91a7-8f6c6c9504de,101,Camisa,4,90.9,2024-12-24
86dbc8e5-fada-402e-90ca-d9fb879faac6,101,Camisa,4,102.57,2023-07-14
9c27ca27-d941-4ca5-9119-ac778789a18e,101,Camisa,1,126.06,2024-01-01
29fdc111-9b29-4f84-aaf0-f4a11f1f3596,101,Bolso,2,32.48,2024-05-29
aaafe576-f9c0-486c-aaf0-370954bf20b0,102,Camisa,3,70.99,2025-04-20
26f6c644-b143-4479-bd6e-8fb9625a7bd2,102,Chaqueta,4,100.39,2024-08-20
0e7cce05-524d-4023-bf00-8cb176817975,102,Chaqueta,1,69.0,2024-09-06
a508d5e0-9a13-4e7a-8c8e-a39b2dab57a5,102,Bolso,3,149.88,2024-03-27
3db4a60c-0a21-4902-89f5-319abf9f2b36,102,Gorra,1,37.92,2024-10-28
4a23f58a-bbf0-480d-b272-fac6b67c8881,102,Gorra,3,11.0,2025-02-09
642cdc8a-7f01-40ed-9a98-569371308236,102,Bolso,1,12.05,2025-02-22
4263dbc6-1255-4f14-bfde-064106cb1241,103,Zapatos,4,104.34,2024-12-19
7d0cd4fe-1745-40b8-af51-d6d861a2222e,103,Bolso,4,133.86,2024-09-03
2fd9f323-0c38-4a97-98b0-8983651d2f51,103,Camisa,1,94.1,2024-12-28
62258474-f8f6-47aa-bea1-546c9055247d,103,Zapatos,4,87.25,2024-06-09
beb61037-d153-4231-8136-431b5865ac4b,103,Bolso,1,121.02,2024-04-05
36d71dd3-8884-4217-9286-6c83e564d64d,103,Chaqueta,1,38.26,2024-01-17
61957ff0-7c9f-4864-a486-369e5469d45c,103,Pantalón,1,60.06,2024-01-16
b2c524ae-ff67-4e21-b4c5-cf17fae9b2e3,103,Gorra,2,42.06,2024-10-26
e9fd7c3e-3319-4b0d-90bd-9c7bc3a12f9b,104,Chaqueta,2,74.3,2024-10-03
6921f76b-3061-4f90-8333-3d063574ae55,105,Chaqueta,4,49.58,2023-09-03
17810ddc-3386-41b8-a2d7-bc4a613c0cc9,105,Camisa,4,19.17,2024-09-28
60045ea2-2fe2-40cc-9da8-6a80e606f971,105,Pantalón,2,57.28,2023-11-05
5883e8bd-9795-4587-9577-f09d71fc2279,105,Zapatos,3,21.78,2025-03-12
66024ced-bab4-4290-80cb-54e76382724b,105,Bolso,3,90.47,2023-06-22
ee943a57-41c9-4c97-b27c-ea26020a07ce,105,Camisa,1,41.69,2024-06-05
bff6803c-69f0-4d90-b364-d20a19a3e01d,105,Zapatos,3,33.06,2023-07-24
d11c2b1d-7d52-4cce-b9a7-942b825cafb8,105,Bolso,3,127.93,2024-01-16
d7af64e7-0ce1-402b-af65-15d1f7658c88,106,Chaqueta,3,101.93,2023-12-10
fa3c5a18-435c-4041-855e-531e95cfa61c,106,Bolso,3,64.53,2025-02-09
4604d918-fe74-417e-9b56-94fb9e89b2e9,106,Pantalón,1,112.94,2024-09-30
d152e183-3a04-4ddd-b1a3-14b4a48cce24,107,Chaqueta,3,14.62,2024-01-20
cf89bbc2-0b29-453e-93e9-c1a1682e9d24,107,Bolso,2,72.12,2023-11-19
b483ffa8-7327-41c3-9a8e-e99f197dbc43,107,Gorra,4,38.27,2023-12-21
c0ef6114-de45-44ef-bf9c-b1606b85b676,108,Zapatos,2,119.82,2024-05-16
7bf586ce-a4a7-4ce4-967d-d460ca098f1f,108,Pantalón,4,63.59,2023-07-09
7325cac3-a75b-43d0-9bb0-627fbcf56396,108,Zapatos,4,100.44,2023-09-02
183407ee-6011-47fb-a99c-09e50e2073ca,108,Bolso,2,107.53,2023-09-27
96aabb7d-2ac8-49b5-8d1e-d259979dfa95,108,Camisa,1,70.18,2025-02-23
55f90303-620e-4a07-91de-d09e66a7e233,108,Pantalón,4,90.04,2023-10-19
239eccd5-5e7f-4a79-b0ba-d1d103ad6304,108,Camisa,1,96.46,2024-02-19
9f943095-81e7-43fe-8605-9cba7aef82d0,108,Bolso,2,136.23,2023-10-14
666676b2-1a99-421f-bfc5-61f4be53d382,108,Pantalón,4,14.44,2024-02-12
9b83b4a5-475b-4d90-b162-8e39b4d039b9,108,Pantalón,3,13.84,2024-06-05
68a5a64a-f6fb-4d71-adc8-cefb9fad8a03,109,Gorra,3,22.75,2024-02-25
677a2f53-cbda-4313-8543-1ee48904e05f,109,Pantalón,1,60.24,2024-07-12
24452caf-ea80-452b-bd9e-67afb84eb141,109,Camisa,4,10.23,2024-05-28
63822038-a48f-461b-98af-7892706ffb7b,109,Pantalón,3,125.25,2024-04-14
4c280992-7810-4a0d-a0a5-c5fafa772b12,109,Bolso,3,101.04,2024-03-29
33a1a2d2-820f-47d5-941f-072ff3ba45c9,110,Chaqueta,1,20.11,2025-06-12
5c20be1d-01c2-472f-8bd5-35df4d895883,110,Pantalón,1,138.94,2025-02-22
5d679dad-f0e4-4507-be45-c2e40c10ebe3,110,Gorra,3,92.51,2024-10-09
48cc3f10-27b5-46be-b163-f8d654578fe1,110,Camisa,3,88.53,2023-08-11
a24faa93-f887-4a96-af10-4a979b21a0b9,110,Gorra,3,149.73,2024-07-07
9c61e7ed-9e3b-40b4-85ab-43846fecb9e1,110,Bolso,3,76.83,2024-07-17
3ed7afb2-cfbd-419e-8d9e-dee62b286d0e,111,Camisa,3,94.38,2025-04-17
17c984db-91fa-4bb0-ba9d-cd8c127034fe,111,Camisa,4,125.03,2025-02-10
fb300de8-636b-4287-b4f5-e5ed13c7f9ba,111,Pantalón,3,64.97,2024-03-02
2c2b65d2-6fa0-4b12-b219-c9dafff34ed6,111,Zapatos,2,125.31,2024-05-22
feff00b9-4a51-43c3-ad6f-52f0ec30a3dc,111,Gorra,3,61.32,2024-11-04
d99dd53a-4678-4ff8-a39a-0e0db27c6ed2,111,Camisa,1,39.78,2024-04-19
20fed253-4941-444c-8d18-580e53b5bfb1,111,Bolso,4,106.65,2023-10-31
c706c5f0-cfad-4125-9204-854ea21bb904,111,Gorra,2,141.0,2023-12-03
8809780b-a3a7-4f54-815a-942fb6b8923f,111,Chaqueta,2,89.76,2024-06-16
00244ab5-979d-4b2a-9872-79591dc7070c,111,Zapatos,4,35.24,2024-06-17
d0faf3c2-a6d6-48ae-80a5-6ea3d7cc8341,112,Bolso,3,84.19,2023-10-10
da438cfc-5b27-49e2-aad4-b5c53221cf48,112,Bolso,2,31.16,2025-02-15
17a64eb3-f619-4d39-8b28-de679ea9afd5,112,Zapatos,4,113.01,2023-12-12
76b2fcfe-7da3-42d5-a7d5-8ba65868b7b6,112,Pantalón,3,59.28,2025-03-13
b70b18b6-6c21-437e-b8b1-c544e49dfe19,112,Bolso,4,127.33,2025-05-16
96bf522c-b5cd-4f2e-b964-328c36863750,112,Pantalón,2,99.12,2024-10-20
1bc8d52e-4f21-46bc-b427-83ee0391c0f0,112,Chaqueta,1,102.08,2024-09-28
1b88c56e-77a2-4fd5-ae2f-5c2354cca857,112,Chaqueta,4,138.21,2024-09-01
ecd3fa12-0b9d-4f9f-8555-4d1ece2bde54,112,Chaqueta,2,42.45,2024-06-01
7f63192a-da26-45a4-b444-f6f04c31019f,112,Pantalón,3,30.37,2025-06-09
5491bd5b-9230-487b-a7e8-9451798672e6,113,Bolso,3,18.73,2025-01-11
2ebd5124-f55c-4645-b0f0-20c6540d7c20,113,Bolso,4,42.01,2023-12-27
1de1509e-6d81-450f-8b2c-9748bc3cf0e4,113,Chaqueta,2,71.68,2024-11-08
7fe700f3-6552-4718-85d6-3fbef7a7ca4a,113,Bolso,4,34.37,2023-07-23
600f7dbd-53fe-4bfe-a85a-e67fdc8dc90f,113,Pantalón,1,131.8,2023-09-02
89184e4c-1c71-4495-96f4-eea1d72992f4,113,Gorra,4,32.66,2024-12-22
896ca97c-dbcf-4ff5-b4e5-da5904d848f4,113,Chaqueta,4,91.94,2025-02-27
20e3de1f-4676-4fd5-a329-0bf91cf10c2d,113,Camisa,3,72.26,2024-03-10
69bd214f-a682-400e-ad7d-809750afd252,113,Camisa,2,113.23,2024-02-07
606595b0-4a43-4f02-b89b-0562ad1033c6,113,Bolso,4,134.71,2023-08-30
068ecdbf-b073-4cc6-bee8-76a0ec1b7767,114,Pantalón,1,143.16,2023-09-06
d747f8e8-9dc3-4ebb-be4b-3455b8c498e1,114,Zapatos,3,148.03,2025-05-28
0cf4a22e-c274-4b4b-b999-edd0e61d3390,114,Zapatos,2,142.0,2025-01-03
f8485b6e-2a3e-4d31-b94d-b3992436cbfb,114,Zapatos,1,147.48,2024-04-19
539fc310-2e82-47fd-8d56-3ed4942ccdd2,114,Gorra,2,94.84,2025-03-11
20b55ddc-77d7-4e6f-85c6-45e6cc4466a0,114,Camisa,4,25.18,2023-10-17
51d1cedf-0195-4284-9b1b-10f9266089f9,114,Pantalón,1,95.7,2024-02-29
eb655d40-e7d7-4353-ad07-596e6bb864f9,115,Zapatos,2,98.97,2023-09-01
f7a6d708-21ab-41f3-95a2-4e7a6eba20c7,115,Zapatos,3,100.48,2024-12-02
05ca5c65-2da6-4fc7-9fcc-5fc1f029134f,115,Chaqueta,2,140.44,2024-02-05
3e586f53-b491-48a2-876a-16c07d0b44f5,116,Pantalón,4,14.76,2024-03-01
3fdd0069-5275-4d76-ac50-a1dc54a9d76b,116,Chaqueta,4,123.25,2024-06-01
d2ec9b9d-0a4d-4fda-94f4-4854da84696f,116,Pantalón,4,59.92,2023-08-14
7f886ba3-f93a-469e-9a91-e05d132ef388,117,Pantalón,1,84.64,2024-01-27
39161e76-8856-448d-b66b-ba406fd09f63,117,Bolso,1,110.84,2024-04-08
ad7a2ee0-8d10-47f2-b58b-ea7b33bdd325,117,Zapatos,4,105.53,2024-07-29
fde6c067-e04a-4ea2-b04b-e1d26e5e005b,117,Pantalón,2,38.39,2024-07-21
8437f7a5-3d77-4e83-a73d-c7cef40fe2d5,117,Bolso,1,24.31,2025-02-02
839e20b4-555d-447f-a7c1-884c1789d7dc,117,Chaqueta,3,23.32,2024-01-10
4dcf4108-e0d6-4a5e-898c-26a0cbf4923a,117,Pantalón,1,72.22,2024-10-26
51a2a574-f8c2-41a2-b72b-e26bbcbc6057,118,Gorra,4,106.84,2025-04-20
3fea188d-8687-4d94-9ade-d7c0273306e0,118,Bolso,2,31.12,2024-02-24
ebfb105d-b81c-4af8-81fc-2f6309170030,118,Gorra,3,125.78,2025-05-07
a8dba194-d18a-46de-aa00-8ccda5e9defd,118,Pantalón,3,52.9,2024-12-06
42ba5c32-ae34-4b83-8cf2-ec9fe65ba80a,118,Gorra,4,52.48,2025-03-09
b92a7a37-c7da-4335-905e-72adf4bf0fe4,118,Bolso,3,116.06,2023-11-30
9f9e3aff-a421-482d-8e67-4756f3628704,118,Gorra,3,85.35,2023-09-20
7238748f-d241-4953-9da2-5242f6a02fc6,119,Chaqueta,4,44.35,2024-11-21
b45d2f52-a530-4c3a-be56-f0a18009bb13,119,Zapatos,2,134.92,2024-01-06
a03a1021-43ce-41c5-8f4c-aa1be8583b3f,119,Bolso,3,66.38,2023-08-07
6a818c67-552c-4b60-9ae4-5d0c6c2791a3,119,Chaqueta,4,39.54,2023-11-17
1913d374-c099-45fe-afa8-29c06cdf2f69,120,Chaqueta,2,24.8,2024-02-06
025d20b2-7711-453d-bf1f-76f67fd8bff0,120,Gorra,1,15.07,2024-05-10
a034245a-f0e8-4082-9671-7af8beb47650,120,Gorra,1,131.78,2025-04-28
0b1c5e7f-00ce-46a5-aa4d-d9e75e0787d8,120,Chaqueta,1,89.69,2024-07-06
954378ce-6fc8-431a-8ce9-f650a6da3db5,121,Gorra,4,149.79,2023-10-20
e461a19d-f699-4705-a036-438916af16d2,121,Gorra,1,33.3,2025-05-07
a3f15942-c817-4473-8c33-f16a81e213ba,121,Camisa,1,144.82,2024-06-03
f600cd07-6698-4bb8-b5c3-527f76e1e7cf,121,Zapatos,2,12.46,2024-04-02
098d7ae7-030d-4af7-85d7-1681304cefc1,121,Pantalón,3,35.38,2023-10-19
889156ae-41e2-4659-a181-77e06bcee8b6,121,Zapatos,3,45.15,2025-01-13
5dcd0d33-3e0a-41c6-9d65-0ce2477b7a16,122,Bolso,4,72.8,2024-03-16
09fbf9f1-c8ab-431f-a737-3235de6f1e03,122,Camisa,3,31.87,2023-10-23
10d51b04-3286-497e-bbee-4cd7a91a5e83,123,Camisa,4,40.28,2024-03-09
20373ae2-4d70-4f6f-b0bc-9ce776c33f80,123,Bolso,3,21.05,2025-04-04
785b850d-6235-4d28-9256-316d4b9a1ae6,123,Zapatos,2,105.59,2023-11-21
b3fb9e43-0df0-49b9-bbdb-9c66f0c7a3e1,123,Pantalón,2,63.72,2024-08-15
f5e006de-1460-4270-a68b-07217c326ec9,123,Pantalón,4,32.83,2024-01-17
c4203e63-2504-4976-9688-14cb7b1eb82b,123,Bolso,1,81.31,2025-06-15
8566a6c0-7da2-4ef0-870a-b9959a3633b1,124,Chaqueta,3,67.5,2025-03-25
61a20a7a-b15d-4ce0-bf6a-75e5812e41e6,124,Gorra,3,78.63,2024-01-20
3a561523-4ff9-4005-abc9-205783561af8,124,Pantalón,3,25.44,2023-12-26
65417d0c-ac15-476f-a10c-00425f7bfbb8,124,Gorra,2,123.01,2024-02-05
79a111c8-3ef7-4e88-9613-70eec20c3354,124,Chaqueta,3,68.9,2023-09-21
77ea34e6-193e-4a9f-a8b3-53ea021c5105,124,Zapatos,3,50.97,2025-06-06
d634720e-3765-46c8-9da5-2e6e723764b6,124,Camisa,2,103.03,2024-12-01
debcdbcb-e384-4862-9313-dd1986456148,125,Gorra,4,113.43,2024-10-22
47890957-bea3-480d-8d94-fe5f24a7c8fa,126,Camisa,1,24.95,2024-10-05
c3382f37-dbb6-4e35-8451-b3bc49c92ce1,126,Pantalón,4,19.16,2024-08-28
d77c8ea1-7c07-4d57-8724-88396cdf22c8,126,Camisa,3,72.26,2024-11-28
f7f09673-49c9-4bc5-9a24-7b2235c1b468,126,Zapatos,4,136.3,2025-04-11
4f082c33-22ad-4a4f-97e5-2f31b13c3490,126,Chaqueta,1,36.88,2024-12-05
0d68f90d-2f3b-4efa-af6a-6e50379de4dc,126,Bolso,2,74.41,2024-08-03
1b489b3b-5c32-45b5-812e-aa900fca0438,126,Bolso,2,141.88,2024-12-03
203e00e6-f2b7-4fb8-9bc9-a42e965dffb5,126,Chaqueta,3,26.5,2025-05-05
ea1f0e9d-fbc0-4d24-9d8f-2ec033cf1939,126,Zapatos,1,84.13,2024-07-13
9194e179-d5e9-4644-912e-75068f182ddb,127,Gorra,3,82.87,2025-03-25
7e3bf0dc-80f2-4956-8129-d69265240e19,127,Bolso,3,132.99,2024-12-02
930f2d83-db1b-4399-bcf2-b666aee7a9d1,127,Bolso,4,68.9,2024-12-20
7ed397ec-7a56-468c-91ad-590040f4cc34,128,Zapatos,2,112.27,2023-11-04
f14901a9-3666-4ec1-96d8-627e9f886240,128,Chaqueta,2,68.75,2024-03-19
e0223d2f-b346-4054-8014-901073ac09e2,128,Zapatos,2,89.01,2023-08-08
a6abc0c8-3f61-4534-8ef8-c2449a9a06bf,128,Chaqueta,3,86.68,2025-03-15
52f947ba-cb72-4019-aa55-f860f0ce5deb,129,Bolso,1,51.25,2023-11-17
442ae449-8e63-4905-9409-5568d2fab347,129,Zapatos,1,133.6,2023-06-16
2be83136-926a-486b-9ace-7710dc47202d,129,Gorra,1,38.94,2023-09-12
1775e351-c356-4264-9299-ee0e125cbedc,130,Camisa,1,66.35,2024-02-11
1f522612-783d-477a-84f1-20914bb3b5d2,130,Zapatos,1,141.16,2023-10-25
9c32d04d-3ee2-4583-910d-55bfa7e62039,130,Pantalón,2,12.0,2025-05-02
59208dcc-40f8-493d-a5c9-4889a8fe0507,130,Pantalón,1,27.65,2023-08-31
9c9848ae-77b9-4f8f-980b-28bfb07e6ab1,130,Bolso,1,88.46,2024-06-04
ec1c1bcb-097b-4463-b5f6-a24f5cfc544d,130,Chaqueta,2,87.36,2024-02-08
ff610dd3-ac63-4e96-b6f0-60c3e603e7e2,130,Camisa,1,11.55,2024-08-23
570f7d36-534f-4474-8a83-61a67a160b2c,131,Camisa,1,38.07,2023-10-17
fc246961-36df-4525-b2c1-3f35eab9d523,131,Camisa,2,72.91,2025-04-08
a9f85e69-81d1-4934-b716-3664e89a9d81,131,Bolso,2,110.01,2024-02-20
1f521b39-f705-480b-b851-1c15924562a0,131,Zapatos,1,81.45,2024-06-20
bcbc632d-9edc-408d-a566-26c43181090b,131,Zapatos,1,139.42,2025-02-01
4222051d-11dc-4a84-a6cd-f3c071726f11,132,Camisa,4,116.74,2024-01-02
c0cb4451-c695-45c6-9b22-6302476b8656,132,Pantalón,1,105.7,2023-09-18
6baf6448-9a28-49bb-9cc2-44b32bdae383,133,Gorra,1,65.42,2023-11-05
cb5757e2-fea4-410b-a43c-f225d4300b24,134,Zapatos,3,45.22,2025-03-24
fcc13c64-4e5d-4073-bfe6-529b6f80a09f,134,Bolso,3,69.32,2024-01-24
1813dff3-6eea-42e7-a7e7-5ae1375abb9f,134,Camisa,4,117.94,2024-12-25
d1ecc5b9-9d7d-48f4-a21c-48ed1eef6d16,134,Gorra,2,140.83,2024-02-03
13b47fce-c676-4f46-b38b-6ea78c32e2d6,134,Chaqueta,2,59.7,2024-04-22
3e6742eb-866b-4dd5-820c-16cab154e2b0,135,Camisa,3,60.03,2023-07-20
c4dd956b-df44-400e-bc1f-0f705cd68577,135,Pantalón,2,64.85,2024-02-16
571d0b8b-c705-420c-ba40-5b46627ebc27,135,Zapatos,2,27.44,2024-02-26
b1041b16-8ce7-45d3-b1bc-f921fbf98511,135,Gorra,4,96.46,2024-07-02
c20b5ad8-3ac6-41b5-bb0d-087a8bb9d5b2,136,Gorra,4,142.1,2025-06-14
2f38b2b1-f59c-49f3-b569-56243c29bc5e,136,Camisa,4,101.75,2023-12-10
d7e6f6dc-d186-4746-8037-f05db9273184,137,Chaqueta,2,104.56,2024-06-04
898004c1-73ba-497e-ab7b-2065ac3dd39f,137,Pantalón,4,72.32,2025-01-27
2b4a310f-5a07-47b1-b176-1a157540919f,137,Gorra,4,143.76,2024-06-27
06f8b797-9040-4683-be5f-18067b4e31d8,137,Pantalón,3,120.22,2024-10-12
90d1a58f-27a1-4f44-830d-bdb45f07d163,137,Camisa,4,141.62,2025-04-15
6f9a3e58-e849-4075-acb4-3ab21574caee,137,Camisa,2,121.6,2023-07-30
8a4d59b5-9e8c-481d-9ae7-b622f04f3130,137,Zapatos,3,69.01,2025-02-06
3865548c-fb9b-445e-8698-15e7073e0a5d,137,Bolso,1,67.3,2024-06-19
f4f4d673-9e0d-41b0-96fc-9540e09bc913,137,Bolso,2,63.7,2023-07-06
907847d1-950a-4784-895a-0b798ce8536f,137,Chaqueta,1,101.74,2025-04-17
edec0700-ebb6-42fa-8c12-78404488dfb9,138,Camisa,2,90.6,2024-05-16
e4a4526a-0ca9-453a-a96d-43861a2a297d,138,Zapatos,1,94.5,2025-06-13
cdd202e6-3106-4412-a297-99da713e2eea,139,Gorra,1,38.46,2023-07-27
a4758fa6-383e-4b5c-85c2-bc60eb11bd72,139,Chaqueta,2,98.01,2025-04-29
42b2ca8e-1412-449a-bf6a-42fe3cd98429,140,Zapatos,4,19.11,2024-04-28
abda012e-e497-4239-b992-e1fd7833ce7a,140,Pantalón,3,76.99,2025-04-20
8afb35e9-6d27-48c3-9134-3470971a4527,140,Pantalón,1,115.38,2024-05-15
bbcdeb2f-010e-489a-b37d-d7e44ef6dbb8,140,Pantalón,4,64.29,2025-04-19
c73060c7-1d30-41f2-a46b-7d1d14b247c9,140,Camisa,4,55.52,2024-07-09
232c6c20-9651-4b41-905a-68756ce099c8,141,Gorra,3,71.87,2023-10-16
68e985f5-8258-4cfb-89dc-b407c8ea21d6,141,Zapatos,2,53.8,2023-12-25
8a1f9260-0bd9-44ce-baae-1debd95f61f9,141,Chaqueta,3,110.87,2024-06-05
d289f4bf-0174-4789-8c4c-27988c714c2e,142,Zapatos,1,14.39,2023-10-22
b99cb811-2d33-4e31-8010-35e47395faa4,142,Bolso,2,75.17,2025-06-14
6d566a4c-08e8-4287-8454-ac2ceca43c65,142,Zapatos,2,80.81,2024-04-29
a5eadc1f-e88f-452c-a108-9bbc954a1d4d,142,Pantalón,4,63.65,2025-02-28
510530c0-1310-4fba-9a2f-863c5ff71222,142,Chaqueta,2,106.9,2023-09-28
6be4c0ab-bc7e-4fd7-bdd2-168adf464cfb,143,Gorra,2,112.55,2024-04-07
9e5c3d49-0915-42f7-81f5-ce1af00d555a,143,Bolso,4,24.97,2023-07-29
d493acea-7ba0-421f-82c8-759fbe6cca5f,143,Pantalón,4,57.46,2024-03-24
04e79c85-9f24-48a5-bfe7-ffe49ca88e2e,143,Chaqueta,3,132.92,2023-11-11
97a40088-ead7-4216-bfa2-055e2ae1e023,143,Zapatos,3,124.0,2025-05-12
87ac9afe-8af8-43aa-bf22-bbc5de8f455e,143,Bolso,3,62.23,2024-01-26
6ae66532-8ecb-44b8-bbc7-aa223ce85c05,143,Zapatos,3,144.5,2025-05-24
3d8d3c68-a293-4669-8245-599d2045a781,144,Pantalón,2,34.94,2025-05-02
9c034917-a863-44b6-b5cb-f68a955e2900,144,Chaqueta,4,78.69,2025-02-18
7479952c-6988-4c81-a4e3-f72ff17a2b4a,145,Zapatos,1,135.05,2024-12-30
44fb1b28-3f5a-4891-aa6a-2386123ef85d,145,Camisa,3,52.88,2024-05-13
49680197-1585-4023-9980-faa37dfc7a40,145,Chaqueta,1,82.87,2025-01-22
ae63072b-672a-4910-8501-b3d7c3b09602,145,Chaqueta,2,142.22,2024-01-20
fedbe14b-3236-4715-bc6a-e587d5ff175e,145,Zapatos,2,117.42,2023-11-03
2ded4df1-2761-4422-a148-9f70dc7973c4,145,Bolso,3,27.17,2023-11-28
c47afc7e-848a-4862-be4f-750d2ea3c737,145,Chaqueta,2,99.78,2024-06-08
ea508815-41dc-4933-9574-0eb2836b68b9,146,Camisa,1,110.65,2024-08-24
951010a6-bd4a-45d9-b908-be92b319fbef,146,Chaqueta,4,96.02,2023-08-31
49682d34-5b9c-451d-9346-946f77ded302,146,Camisa,3,89.99,2024-12-24
720c4ae2-b8a9-4502-adfe-94a91b3485e9,146,Camisa,3,99.98,2024-02-15
d0501179-1791-465e-bac2-c23981eddca0,147,Pantalón,3,50.79,2025-02-13
315e9d07-c55f-4952-8bb3-f341185160c8,147,Pantalón,1,15.09,2023-11-06
230111cf-b3a0-47fa-b9ef-d2237fe3fd97,147,Bolso,4,72.89,2025-05-27
676b6b4b-4e2d-4639-9804-29878ea673c6,147,Gorra,4,133.09,2024-12-24
f1cfcc4f-5012-4be6-a887-b14377a750fb,147,Chaqueta,1,145.7,2024-05-08
0bffd8a4-6aab-4f7e-a668-ac91c4994570,147,Camisa,1,149.21,2024-01-18
9decf755-37de-4851-93c5-0de209190b92,147,Chaqueta,2,125.3,2024-10-21
3fd0d81e-18c4-4043-b0b0-372de6f852c0,147,Gorra,3,23.17,2023-08-07
42bb82b4-4ce7-4eb8-bc46-6ce308525a8e,148,Bolso,3,48.7,2024-12-29
ce67e245-5382-4a56-94f8-506b8158f626,149,Zapatos,4,60.6,2023-06-27
352af527-fcf2-4489-9f4c-4d533cbdd3c2,149,Chaqueta,4,135.14,2023-09-22
60b88593-c0b9-443c-87ab-f162aa898d5d,149,Gorra,1,127.85,2025-04-03
2841e44c-33f1-4fbe-acda-7af3ffed401b,149,Camisa,2,124.95,2024-07-16
e5bde7b8-3f0e-458d-898c-c974c37bf660,149,Gorra,3,118.27,2024-09-11
4fbb97ec-46e2-451d-9609-6ba5dba5109b,149,Bolso,1,83.33,2023-07-06
58dd4f53-f4f9-42fe-8af2-6cb9aace90bf,150,Bolso,4,98.32,2024-07-18
2f933d15-912b-4362-a2d0-1782111bf99a,150,Gorra,1,127.35,2024-11-13
e4574415-0928-4bf3-9685-ae472d17d723,151,Zapatos,3,84.84,2023-09-16
410ed22a-4873-4474-8167-0250a101e362,151,Camisa,2,115.9,2025-04-10
e1ee4929-bbda-4b75-995f-f876055b2726,151,Chaqueta,4,59.47,2024-02-11
c08a0c2c-79de-4307-842a-12caca76fbf6,151,Chaqueta,4,34.29,2023-12-04
12fb9acc-cae3-4754-aad0-7df6b3ab588d,151,Gorra,3,57.41,2024-08-01
81fafc19-98ed-48d8-a1a0-5a4c0f9b4fd1,151,Pantalón,1,123.97,2023-12-10
604d73e5-800a-4ce0-9e54-ebb5a89cc0ad,151,Zapatos,3,121.43,2024-09-18
2478d531-5f72-4d90-ac0f-ecf8814ba7c0,151,Gorra,3,101.94,2024-07-22
6b24de81-34fd-4941-aa2a-49899f6d6c85,151,Bolso,1,38.95,2023-12-26
9bbcda57-604e-400f-b1c0-f75033e34239,152,Zapatos,3,90.09,2024-05-22
0743e1f7-3d1e-4f2a-80d7-330b4f736699,152,Zapatos,3,22.58,2023-07-13
e939f8a2-579b-44e7-ae33-ccbba249e283,152,Pantalón,3,113.0,2024-10-12
295c70fa-699e-4792-b9ed-53b0a9f05b0d,152,Camisa,1,37.26,2023-10-11
6ab6c52b-cdc1-4db1-868b-4540e7468fc6,153,Camisa,2,113.07,2024-09-25
e4c3e765-222b-44a8-b5f6-2216a022710c,153,Camisa,3,12.98,2024-10-29
18fbb83f-3108-452b-8ca4-78bdaa8b3490,154,Camisa,3,20.07,2025-01-05
c0c0a345-9c9e-475f-9fda-ad8426a655c8,154,Camisa,3,137.96,2023-08-16
446cb02b-379e-4ab7-a544-ad4cbe7e849d,154,Zapatos,2,96.47,2025-02-13
76e7144d-39e5-451e-b43c-f22ef0879851,154,Gorra,2,113.54,2024-12-12
7b1173f2-2ba2-4107-9bcd-f9caa28db997,154,Bolso,2,140.75,2025-06-03
9a2e6f88-3c34-445e-9065-dd3cbffef516,154,Chaqueta,4,101.52,2024-07-30
87c73385-3248-4bd6-a26e-c1c1abb4245a,154,Zapatos,2,15.18,2023-07-07
9facf87f-b261-47f0-8b17-f7626365de00,154,Bolso,1,28.59,2023-07-12
ddc0a6e5-2062-4848-9695-cf0a08340a6d,154,Camisa,4,113.89,2023-12-12
1bb443ba-4e7d-4e42-8cd3-2998fcd6935f,154,Pantalón,3,11.63,2023-12-12
4cad8bbf-908e-437c-8a08-38e61621e4c4,155,Zapatos,2,113.55,2024-09-07
3d0da1bc-7f68-48eb-9ba5-4a4c468f03d4,155,Pantalón,2,138.27,2024-08-09
e121b92a-1fee-400a-953b-35ca26d49775,156,Zapatos,2,24.38,2024-12-18
1a625d93-75b7-466a-9450-d37ce19e3253,156,Camisa,4,65.68,2024-07-29
ecf5b4a3-abfd-4029-bf1a-2588498b5cdb,156,Bolso,2,89.9,2024-02-17
4b89ed9c-33f6-4696-8723-7c55db77a4d0,156,Zapatos,4,105.22,2023-09-20
67884531-1dd8-4031-8c36-444255bfd663,156,Gorra,3,109.42,2024-08-18
9a2e0920-62a4-4dec-a1b3-5cf142828e01,156,Camisa,1,84.08,2024-06-29
7ccf6285-ccfc-4581-9ca7-2ab85a4efcb1,156,Gorra,3,59.09,2024-11-26
8edd3ead-a8e2-4632-8698-abec878edae4,156,Bolso,3,80.78,2024-12-13
29fb2ac2-92bc-4e08-af8a-1a7bad6ee972,157,Pantalón,3,114.65,2024-11-11
2112d8ec-3491-4940-aa68-94145dfb1c21,157,Bolso,2,64.91,2025-01-28
221fd2ae-ad0e-4058-ba5e-f04a01dee20c,158,Zapatos,2,37.37,2025-04-16
6ab57bac-c732-47a5-8f55-0e2a4a2cedea,158,Bolso,4,90.81,2023-08-31
55f04bfa-41c9-4f0d-b9ed-50b32433308d,158,Chaqueta,1,33.24,2023-12-19
f2639995-38fa-4340-915a-740e1c7d5b11,158,Zapatos,1,58.5,2024-03-04
28dff445-6ff0-472a-9ee3-bda17f7500c9,158,Gorra,3,84.35,2024-03-03
f1916382-66ee-465e-813a-9ab6727ffa16,158,Camisa,4,109.29,2023-07-24
83d10541-2d2f-41a3-83e8-dd601d60bdf4,158,Camisa,3,67.56,2025-04-03
b5ad4939-4155-4157-a935-c52fdcba9fce,158,Pantalón,4,50.67,2025-04-26
6bf641f5-2c4d-4e44-a355-e4bd6542151c,158,Gorra,2,131.42,2024-08-17
1174c9e2-990b-4741-8b83-df2164f9b95e,159,Bolso,4,101.05,2024-08-07
c3cb22ab-bd74-4b2a-a08c-f7b25615f00f,159,Zapatos,4,54.84,2024-04-21
e57a527d-209a-4b20-8e4b-81b5c5aa72c6,159,Gorra,3,21.72,2024-08-16
8a0fa0da-1233-48b9-becb-08e9aeea7164,159,Pantalón,4,117.73,2024-02-16
10137819-6f5d-40b3-bb4f-a3aed5ebfee5,159,Pantalón,1,101.69,2024-01-11
b6d9d0c2-ba80-4f44-9e5a-e834ff64ea7a,159,Chaqueta,4,22.29,2023-09-25
2678747b-a76b-47ed-810e-60f92a216ebd,159,Gorra,4,29.93,2024-05-24
2c037a06-cd3f-4500-ab3e-bcfd182d686a,159,Pantalón,4,54.54,2024-07-23
cd031dca-0ada-49d7-a512-bb5129808b79,159,Zapatos,2,82.55,2024-10-01
7908d4ac-c347-4a8e-8452-779353a4415c,160,Camisa,4,59.99,2024-02-09
ba1f768b-decd-493a-9f6c-cefc4c5b4c3c,160,Gorra,3,149.95,2024-05-23
b94ab447-2b26-4b9f-b6e4-e8929d9c67b5,160,Zapatos,4,30.38,2024-05-22
717aed08-a272-49a5-9e43-52b0084e8ef7,160,Bolso,3,69.24,2025-03-08
0c0c7af2-809d-47ea-958f-25c87088f216,160,Pantalón,1,137.83,2024-01-29
3c1e4bea-16a7-44fc-9ba9-21889670762d,160,Pantalón,1,129.84,2024-06-30
79cfc8bc-7606-4c5f-9b21-2768589d5123,160,Gorra,3,54.34,2024-04-17
6d685299-d3c0-4383-aab0-2b396d03929b,160,Chaqueta,4,77.63,2025-02-14
0de8af74-8e65-4e53-bd3c-414465630698,160,Bolso,4,147.22,2024-11-15
21e3cfe2-d191-4fb8-9b7e-113a2514b1ce,161,Chaqueta,1,70.67,2023-08-07
681b4013-bba5-42a8-a679-c319200d44f6,161,Zapatos,3,139.35,2023-10-16
1d8b9e50-1746-4c5a-bc12-16c6fe76eae8,161,Pantalón,3,80.47,2024-08-03
73e9263b-0c95-42eb-aeb2-7bc43cad9fa1,161,Bolso,2,90.29,2023-08-15
9f4f1ffb-2e6d-4398-a61a-ffed02128ea4,161,Zapatos,4,29.34,2023-08-03
d3a62efa-6ee1-4a59-8eb7-2fc1c6381d36,161,Camisa,1,100.4,2023-08-20
012ad38e-4c5f-42f9-beea-d924056ae766,161,Chaqueta,1,25.4,2024-06-12
5ef1baef-2f2e-4b4d-9a8f-bcd2bdddb201,161,Pantalón,4,106.43,2024-07-14
ffc575c0-ae47-4651-9ea5-6dac51e5a098,161,Chaqueta,1,47.08,2024-04-04
5682d645-eba4-41fc-8931-75c1b51d4176,162,Chaqueta,4,147.64,2024-06-14
a5e47f4c-9361-44e9-b80d-a511e7c65f52,162,Pantalón,1,122.06,2023-10-10
bee147f8-f170-4972-bb09-85727ca019ba,162,Zapatos,4,52.42,2023-10-11
048bed97-6c80-48fa-8f59-0a1013f26642,162,Pantalón,2,28.22,2024-08-23
1602279e-a8aa-4dc4-bbae-b25817c95d22,162,Chaqueta,3,103.02,2025-03-09
44433cef-45e7-424b-91a5-186532185d37,162,Pantalón,1,105.3,2024-08-12
ff44e8a9-47ac-4d84-951f-9eea607d6a87,162,Bolso,4,86.83,2023-07-26
2be723e1-23f5-47aa-ad3c-a924cb949b3a,162,Gorra,4,65.38,2024-12-09
58900373-30cf-4ccd-ba5e-3bd4a2a6a2c5,163,Camisa,3,13.55,2025-05-31
c6f626eb-0bd9-4709-88e0-06664fb8e2e6,163,Gorra,3,143.23,2025-01-04
6a56ee87-1de7-4bb9-904a-acf4f018c318,163,Zapatos,4,85.98,2024-04-18
9d3f9ac8-33ae-4a59-a367-b9201ddddd11,163,Bolso,4,113.37,2024-02-11
216dcf60-f44d-4f3f-bba5-47a17515b42d,163,Bolso,2,73.76,2023-07-05
d562aba8-262a-4cb5-a43f-61180509d2b1,164,Gorra,2,35.22,2023-09-22
0fb8f52b-521a-4639-a9b6-97f105bffd97,164,Chaqueta,2,93.8,2023-12-16
18d4e6d4-92f2-4431-8ef7-5cb784322223,164,Camisa,4,61.43,2024-12-20
f636217a-ef3c-4ab0-acda-af1ded551fee,164,Zapatos,2,125.61,2025-01-13
d866dbfa-8c64-40e8-9a4a-63bdff3b72d5,165,Zapatos,4,85.25,2025-04-11
36fc40aa-a1a8-479a-be53-de37d079eb6d,165,Camisa,2,128.9,2023-06-25
1a8e9cd0-20fb-4f3b-8cb3-7f968ab4f39e,165,Zapatos,1,74.14,2024-06-01
df94dded-dc55-4dd7-ac9d-5e2dc001b94a,165,Gorra,3,118.67,2024-12-06
333c3d16-74ba-4f04-a1e7-40160e719eed,165,Bolso,3,139.21,2025-05-25
1ddcf5a7-e191-497c-bd73-69d2331bff1d,165,Bolso,4,111.46,2025-05-18
9e4c810b-2b98-4e76-b976-dddafad4d16a,165,Bolso,2,27.4,2024-11-13
3aa5f2e9-3a12-432c-91cc-3f6e2b146428,165,Pantalón,1,131.13,2025-06-02
4b4bb165-831f-4788-bc06-5899ba3a97da,166,Zapatos,3,102.22,2023-08-03
80fcb892-b786-4f73-845b-7eb5327aa9ea,166,Chaqueta,2,138.57,2024-08-26
e9b46ce2-b420-4d37-a43f-f953e53c93d6,166,Zapatos,3,126.58,2024-07-24
f9b599c7-4bf5-4132-ae90-b9456bf542e2,166,Pantalón,1,95.14,2025-02-27
8c7b7b64-28af-417a-8ddc-6af20429c0e3,166,Bolso,2,101.34,2024-01-15
ab0a92b9-1d16-4ca0-b199-14bcbc9f3dd1,166,Chaqueta,3,34.76,2024-10-24
326c9fca-a241-4361-9d6f-e705562b175b,166,Camisa,2,97.78,2025-01-27
a2ebf3a2-2fa0-497e-a38b-1ef1db8ada87,167,Camisa,3,96.24,2024-04-14
88078ae7-b736-43fe-afef-90cd39fdebc6,167,Gorra,3,57.08,2023-11-08
14d57a36-4cd6-46c9-9f88-8b52981f4eca,167,Chaqueta,3,140.7,2024-02-04
9f805fd0-d254-427d-8dc9-447f76858e43,167,Gorra,3,44.56,2024-02-20
913a0615-46ea-4953-bc6d-48c61188cab8,167,Pantalón,3,140.3,2024-11-24
16fe7de6-d4c2-40cb-9605-a4716e7179bf,167,Zapatos,3,136.39,2024-11-23
feef9441-8ee7-49cc-972c-f93411862c34,168,Zapatos,1,97.99,2023-07-03
99d3d20d-39dd-4077-9e80-5e6f84171ed9,168,Gorra,1,138.94,2023-10-10
1de4cdf2-9a7c-4ce3-b957-882534eb5cf9,169,Bolso,1,35.19,2025-04-09
293be96f-b4c2-439c-addf-4140f74e58be,169,Pantalón,2,57.11,2024-03-22
f67b5a79-756f-4ffa-b89a-24df73213d4b,169,Chaqueta,1,140.81,2023-07-06
0e3db356-70c6-4f8e-bb4f-7d5cead06ca4,169,Pantalón,3,52.21,2023-12-01
3b5f03b3-088d-4349-a2ef-caa90d70d36e,169,Bolso,3,51.16,2023-08-23
48a7a748-5245-47ba-8283-806b8f320300,169,Pantalón,4,60.59,2024-06-06
74e6aa74-9c94-4c23-833d-12258ce4db3a,169,Camisa,2,11.84,2025-05-14
456760f2-7949-422f-8f12-b9104089ee57,170,Zapatos,2,83.22,2025-01-23
4d014291-865f-478b-b41f-81ca4ce49ab7,170,Bolso,3,109.91,2024-03-29
1417083b-0daa-4e24-8ceb-592e433ae9b6,170,Camisa,1,84.9,2025-04-16
ca627ac2-a635-4818-8831-93b8659bb98f,170,Zapatos,2,112.41,2024-09-01
cf3d3dcd-1de3-4f80-905c-eeb085eb42ea,170,Camisa,1,88.9,2024-11-03
72eec48d-1c13-41e6-8699-9ed2e356db5e,171,Pantalón,1,91.17,2023-08-30
4c9db201-e840-414c-821d-d31c18783cb2,171,Zapatos,2,28.28,2025-04-05
370a67bf-31b6-4518-827b-6d9facdd2f4c,171,Bolso,4,58.55,2024-05-25
70fbe9b2-1c6d-4bb2-9d5c-da2d6a86040e,171,Gorra,2,89.45,2023-12-23
7ae64eca-c40b-4c44-96a2-05cb40d0831b,171,Gorra,4,50.77,2025-05-18
9bb6c3fc-8444-4d98-833e-5835e80de41f,171,Bolso,2,29.9,2023-10-07
9caf9f98-8ffd-4d8b-94bc-8dfc6a1956ba,171,Zapatos,3,73.46,2024-10-11
4e110c31-60d3-481d-b0c4-a4fda8055efd,172,Camisa,1,101.89,2024-03-08
64c6ac1f-172a-4d4f-ace7-77f850b35692,172,Zapatos,2,125.38,2024-08-24
be88d84a-2fb5-420d-b536-e5f1825802c8,172,Gorra,2,37.03,2023-10-13
df7964d8-ba8e-40a1-acf2-085fb60080e9,172,Chaqueta,4,76.38,2024-08-08
3ab1728c-bfc9-430b-b3db-fc3a7cd14ee2,172,Bolso,4,135.17,2024-01-06
ccf3d880-c615-41eb-967a-9d7e0f4c6dbd,173,Bolso,2,59.0,2025-01-24
bf0a591b-9246-4b71-ba2c-fcdbffab9659,173,Camisa,2,106.51,2025-02-05
77a0e80b-5c4a-459f-805f-d604352436f6,173,Zapatos,2,101.71,2024-10-24
38a79e7e-b1b9-4da5-b4b5-92cfa2aef1bc,173,Zapatos,2,20.14,2025-02-06
df99e189-4785-4fae-946b-8e613f98fea8,173,Gorra,1,21.59,2024-10-05
6ef5256a-63be-4087-bc4e-1cdbf5aaa6fc,173,Gorra,1,72.69,2024-11-18
8fbf3c6f-c162-4560-a090-ad2511027e34,173,Zapatos,3,125.42,2024-07-25
a2a62452-6bf8-42a5-96dd-38176c25f521,173,Gorra,3,27.27,2025-04-13
6e3e3182-55ef-49a0-ab15-df0350bce58d,173,Bolso,2,117.95,2024-10-13
147ebe47-3e56-4b02-b9ea-39a9ce20cc27,173,Camisa,3,74.42,2024-01-06
a4efd59e-508b-418f-87f9-7588bf28f104,174,Chaqueta,1,141.7,2023-07-07
860a4fb2-da0c-46e7-892a-5362de1c9f9b,174,Chaqueta,3,61.62,2024-01-31
8bd68e46-c43e-4637-9e5d-17b37f1aa59d,174,Gorra,3,96.03,2024-04-25
83d8644e-feba-47e7-a514-ec7da48e8caa,174,Bolso,1,65.75,2023-12-08
8c7d7b7f-dc6d-4da7-b22c-ae817847859a,174,Gorra,4,130.86,2024-09-26
260cae37-633f-4737-bd7e-d5d4ac38717b,174,Gorra,3,36.46,2023-07-15
7ce092dd-2683-42c8-952f-ab62f1af37a2,174,Zapatos,4,84.01,2024-12-05
91126a5b-3d61-4a58-8dcc-cf6d6d55022e,174,Bolso,3,51.51,2023-06-24
8fa8074a-a056-4e02-9a8f-718616aa86b0,174,Pantalón,3,94.2,2025-04-02
720c0b23-904b-486d-a1c0-f2efc7111568,174,Pantalón,4,137.23,2025-01-22
ed004f0c-958c-472d-96d2-8596ed1f71b2,175,Chaqueta,4,49.86,2023-07-20
834fa237-7b32-41cb-a041-bf88610406c1,175,Pantalón,2,91.37,2024-07-31
567aca5c-f90b-4557-9fd1-1fb21a16eb46,175,Gorra,2,42.42,2024-04-04
913c381b-1671-45e4-ba6d-f71aad68fd02,176,Chaqueta,3,31.11,2024-07-13
b84a506d-3e35-433d-98b5-4faf70356890,177,Pantalón,3,78.66,2024-01-23
d8ed0282-370c-47db-8e6a-fdb704fa549b,177,Pantalón,3,72.11,2025-05-15
6016a050-f40c-4ebf-b0f1-2220252027c7,177,Gorra,4,43.75,2025-01-04
47cf64b8-b0b4-45ef-b23a-d936ecfcca1a,178,Bolso,3,41.05,2024-04-06
fa75245e-1b0d-4f38-b279-47646a96909f,178,Bolso,3,57.02,2023-12-19
415dc0b0-5d55-4439-b6bb-f176f99b7716,178,Zapatos,4,51.66,2024-05-16
80412c90-b7e6-4a3e-9d76-e482d0423db4,178,Camisa,2,105.55,2024-12-01
ac8043b5-0e1a-4725-b135-45f9ca8cd564,178,Zapatos,2,77.25,2024-10-31
25bde050-1024-4725-91b6-e4ee07d65432,178,Bolso,4,36.26,2023-10-02
3f50c08e-3a70-4fb6-bc9f-151d42d0a8b2,179,Camisa,1,39.48,2025-05-05
8e8676fd-2f22-4992-aa0d-7da0e48c7a92,179,Pantalón,3,142.57,2025-03-22
a0d3f034-5097-4e82-9549-6c466e62b8ce,179,Gorra,2,113.7,2025-03-17
bfbeea00-7fbe-47a5-a23a-98449b585467,179,Chaqueta,1,28.68,2023-10-16
3bce6ca5-df4d-4f0d-85a2-64e8d1fed0ed,179,Pantalón,1,39.41,2024-06-19
049e21ac-1a28-4b39-ad04-9383b96f8cd0,179,Zapatos,3,106.41,2023-07-24
5ab02592-5810-4e11-a93d-9287c9ace25d,179,Bolso,4,65.8,2023-12-20
effc890c-b871-4101-8644-31b6395a4b26,180,Bolso,2,133.15,2024-03-09
2f7463fb-09c1-49a6-b26f-87b3cb41e0d9,180,Camisa,2,149.76,2024-05-03
b3730178-a526-45ba-ae1d-d6e11f862a5d,180,Chaqueta,3,103.29,2023-06-20
02bfa496-37c7-41b0-9314-13d8338705d3,180,Chaqueta,4,116.49,2024-07-29
e8c359c5-a235-4406-819e-439f9572cd34,180,Pantalón,2,55.43,2025-05-26
9cc252b0-1e71-46e8-8249-7b86aed825a7,180,Pantalón,1,92.71,2024-06-05
01d39860-4914-4de4-bba5-755ca162a39c,180,Zapatos,2,129.85,2024-09-02
8cdd9d69-219a-4863-9b3e-133eeab68a77,180,Bolso,4,120.65,2025-04-06
46dea290-644f-4b6f-b316-5cc013180bd9,180,Zapatos,2,17.91,2023-07-02
9bc718ad-b760-4223-8d2c-79f858b3f642,180,Chaqueta,4,146.89,2025-02-09
a6670669-213e-4d2b-8958-19b7e9474ea9,181,Bolso,1,122.32,2023-10-13
b04f3379-3ce5-46bc-b4be-8226ff928638,181,Pantalón,3,56.89,2025-02-16
143be1d9-e61d-4919-b7ef-d24c790e0525,181,Gorra,4,65.36,2025-02-23
3107d2eb-a45e-4952-ad0f-abcccc7dbef8,181,Chaqueta,3,80.14,2025-03-15
0e7a95ad-2cb4-4614-b12c-8a0d9cacb8ff,181,Camisa,4,125.04,2024-10-14
f04f9f02-b4f5-4aa0-96e0-a9d4905ff483,181,Pantalón,1,146.86,2023-09-30
202ec108-2236-4141-ba0f-6a3ede7bfb1d,182,Pantalón,3,120.4,2025-05-30
88f06fc6-7675-4a41-9d09-7ca87eb6f3c5,182,Zapatos,4,65.08,2023-07-11
9c9fb82d-a918-4caf-904f-84c7125707b4,182,Chaqueta,2,44.77,2025-05-25
f7480c59-3b31-4fb6-b3c2-8b6a403bd6a9,182,Gorra,3,128.84,2023-06-27
b8c1da9a-3310-49f7-aa44-0a90df8dede6,182,Pantalón,3,104.19,2024-12-24
cce44339-d204-4f60-87c7-982ecae3b35e,182,Pantalón,4,66.87,2025-01-13
b8d14b31-523d-4c42-8fb2-e5238064a671,182,Zapatos,4,58.43,2023-10-17
7826340b-a70a-42c5-b619-4647458d2090,183,Camisa,2,44.93,2024-05-11
485e70ef-a98b-43bc-b389-bab1df7b38b3,183,Camisa,4,36.68,2023-12-25
910bcc99-c1b9-4e08-a789-99ca8b83f991,183,Chaqueta,3,43.32,2024-09-20
0ed9b13b-59ab-4e90-9739-dc809551f49f,183,Chaqueta,2,132.48,2023-09-01
ff511e38-1d38-4a49-9594-5f762c2753aa,183,Pantalón,2,106.29,2023-10-29
bb614799-fbda-4241-89fa-ad1a16c4e54d,183,Bolso,2,112.33,2025-03-30
52e71d34-77f6-4170-80ae-4cd9c61b5cb7,183,Chaqueta,1,144.67,2024-10-01
aca5ca34-3a2b-454b-8213-62a4057d7b06,184,Gorra,1,101.33,2024-07-08
bfded5b3-902d-4608-879a-f0429b151b47,184,Zapatos,2,115.53,2024-08-10
2fa5edfe-6766-4c4e-a827-acdd3aa6ca33,184,Camisa,1,132.85,2023-10-18
93634e48-36ba-4d04-8180-d856bf3d9f33,185,Zapatos,1,144.49,2023-12-30
3becfb4d-21ad-4b3d-8eb2-872007583201,185,Pantalón,4,53.25,2024-01-14
a0636d83-b6d7-468e-9ca9-628d0d2a732d,185,Zapatos,1,19.0,2024-12-04
90fc00f4-8465-4dc4-9e53-09b1a40042e1,185,Pantalón,1,85.07,2024-08-27
7b70d8ee-8002-4341-9c03-3a53f1922118,185,Camisa,4,105.28,2024-10-19
612dd494-c7f5-4491-8d46-77b5bfabecd8,186,Chaqueta,1,93.85,2023-10-15
7c298d68-2009-4111-b883-cbe182e73ffd,186,Pantalón,1,141.25,2024-09-30
1003feb8-fc1e-4fdb-964d-fad09057276b,187,Zapatos,2,114.59,2025-04-21
d2200229-782e-4647-83a8-43e304a871d8,187,Zapatos,2,13.01,2023-06-19
c0c0e671-dd86-4769-a30b-caa970dcb9cc,187,Bolso,1,58.63,2025-06-14
d869c573-2d31-48c6-9460-82ee95842df7,187,Pantalón,2,121.86,2023-11-19
3845d216-ad3e-4e10-ab17-69ac451d7a2f,187,Zapatos,1,111.68,2024-01-27
fca25dd6-321c-48ed-a640-999b6a9df3ea,187,Zapatos,4,40.72,2024-03-30
4ae20781-9986-493f-8145-c4bb002bff1f,187,Camisa,3,96.5,2023-12-26
3a815685-7827-406b-aa7f-9fb2dc3dec18,187,Zapatos,4,77.98,2024-01-31
1d0624dc-f6e7-40b4-a127-74fcee2b0b34,187,Pantalón,3,44.96,2024-01-01
73f2a65f-f215-481d-9a0b-5f425a4de2bf,187,Gorra,1,92.04,2024-07-01
1ca7e0ed-bc15-4b19-8ff8-a196b226f4e0,188,Pantalón,4,70.68,2024-08-01
d305ff80-4c20-4fdb-b3c7-cf075a80c7fd,188,Chaqueta,3,107.47,2024-06-18
26122aed-2109-45ec-919b-a395b5b904b3,188,Zapatos,4,55.98,2024-06-05
578836e4-a226-47c8-a1d1-d0bd8364f99b,189,Chaqueta,3,12.64,2023-08-26
02d2ce9c-0e90-4edf-8225-a0ad9d347131,189,Gorra,2,77.88,2024-01-13
49bbdb8e-0212-477f-a8e5-5b49a2b7dc5c,190,Bolso,3,107.45,2024-01-23
025e9bae-3231-4fd5-87ee-9026eda363d1,190,Zapatos,1,136.01,2024-01-04
a0e4fb34-5cb0-4fbe-a96e-b321db8a7914,190,Bolso,4,117.85,2024-09-13
1a55a2f2-7f3b-4be5-b12f-8533e1af7cb0,190,Zapatos,4,97.11,2025-02-04
513d5f8f-80f3-4d60-a42a-e9bd046a23c9,190,Zapatos,3,80.47,2025-01-02
d6052d8c-0783-45e0-9cdd-0d9769ad2a8a,190,Camisa,1,75.66,2024-09-14
36cdb160-5517-47c7-a1c5-c00e3d30a9f4,190,Bolso,3,23.57,2023-07-05
d183fad2-a3be-4bdf-83d3-9a3296ee14b4,190,Bolso,4,44.39,2023-09-17
59da6a59-a1a9-4756-853b-efcc122dfba7,190,Gorra,4,91.13,2024-09-23
8ef85cbb-b684-4ea7-831e-c052449991aa,190,Zapatos,2,26.92,2025-03-02
a609b18e-7e97-49c3-a064-f8edb65805cf,191,Gorra,2,47.14,2024-12-15
73ae351f-2284-4c8f-b045-1a2d249df4c5,191,Camisa,4,84.6,2024-08-16
2b25735b-60c3-49f6-a36a-77d6bbd1cffa,192,Camisa,3,147.25,2024-12-31
83b5e0b5-1267-494f-a784-2f868d0ae28c,192,Camisa,3,128.12,2024-10-24
aa0171a7-9fc4-4edf-8797-eff01fd34bbf,192,Zapatos,1,26.17,2024-04-20
e92fcefd-4a61-4963-b2ed-50b8c15a22b4,192,Pantalón,2,103.83,2024-10-07
9740e113-167f-4f8a-a78e-0f154063593c,192,Camisa,4,94.79,2023-10-29
ac8545fc-a31e-4e28-965f-9c18b1b5469a,192,Zapatos,2,138.24,2023-07-05
7ed6a54f-f08a-4392-a1bf-6d54fc7b42fb,192,Pantalón,2,77.49,2024-06-18
63c24ed9-426d-4b1f-bfa8-499a7d50f9ab,193,Zapatos,1,116.05,2023-11-03
5c45fdb1-e97a-4df4-9698-82c99b24bce1,193,Chaqueta,4,71.96,2025-06-11
2af0572f-7be7-44f2-9225-902e9ed9a416,193,Camisa,1,133.5,2024-02-22
c7d47a7d-548f-4ef1-969e-419b8f703875,193,Pantalón,2,22.45,2023-08-30
a837cb65-7843-4985-a678-f09f9cb248b3,194,Pantalón,3,71.19,2025-01-21
73d8eec8-b8b3-4520-bc9c-2a1d4f340e11,194,Chaqueta,3,114.75,2023-10-19
42f18e47-5f5a-41b4-8bb8-73dbedb8cd6f,194,Gorra,2,74.34,2024-08-07
b386e447-742c-4520-926f-2b9ebbb6c694,194,Camisa,1,58.6,2023-09-12
2ed58ac9-6687-45e0-8b1e-60f688b1ce6e,194,Camisa,4,61.04,2024-04-25
7bbfeda0-4405-40b3-9450-61789a1b6065,194,Bolso,2,143.37,2024-11-26
9e29ce72-84ff-4053-a721-b6e8777c3cb3,194,Zapatos,1,19.86,2024-08-24
81789cf9-0145-4968-9074-48a94f80fbf8,194,Gorra,3,141.16,2024-04-05
6eab8191-4bc6-4481-b234-83149a24b3ab,195,Bolso,1,115.17,2024-05-17
a888926a-848d-4a9a-b53e-1fdfaf8d4225,195,Pantalón,2,137.15,2023-10-12
01f2c756-facc-498c-8f26-45e073a61717,195,Camisa,3,107.09,2024-03-27
be3195d5-582d-41dc-8ada-82fe41e16750,195,Bolso,4,92.79,2024-01-04
370cf0c6-5257-44b2-893b-febea33f2330,195,Zapatos,1,146.08,2025-05-21
366dbbd5-0077-4a4b-9e3c-78e7b7c5b498,195,Chaqueta,3,138.06,2024-04-02
e4d914a9-1f43-4112-a5e2-c6211fc9dff5,195,Camisa,4,81.95,2024-02-13
aff06b19-3db8-4c1c-afbe-084abfd42763,195,Gorra,3,89.28,2024-06-30
4e35fc1b-5d5c-4307-9d96-d2ac2569c484,196,Bolso,1,126.03,2024-05-10
0cc9985b-cd92-4821-8c3e-f10386fa95e8,196,Gorra,4,27.44,2024-08-26
d9b6f7c1-f19e-412e-9850-1918b6e818e3,196,Bolso,1,114.55,2024-07-04
9d4b23ea-aef9-4491-b40a-1d0af700af1a,196,Gorra,2,103.82,2024-05-30
311dea85-9f14-403b-bfa4-ed2295a772f5,196,Bolso,4,49.17,2024-12-11
202ce935-3a3f-4a40-ad30-9893f24b51d4,196,Bolso,3,134.18,2024-09-19
9f255d2a-4c4a-4a36-bb84-6af18542b97f,196,Pantalón,2,75.99,2023-08-06
88a8d217-1519-47c6-a54e-8fc8001654bd,197,Chaqueta,2,20.22,2024-12-25
31aa6831-4b01-4a3d-aecb-d509d09642d1,197,Camisa,2,62.26,2024-07-31
b784370a-b6e4-4440-bb1a-3dbd0b3ab185,197,Zapatos,4,59.45,2024-09-18
aca3131d-c26a-4065-92bc-2e58e2bc6172,198,Gorra,3,120.68,2024-10-04
1671eb2c-f511-4710-b29f-67d317e94da3,198,Gorra,4,18.99,2023-12-26
226cc7c3-1fda-43fe-bf09-273af14b42ca,199,Gorra,3,126.8,2025-04-08
63b2a6a7-7aeb-4da3-afab-0c707244f68e,199,Zapatos,3,129.97,2025-02-22
8333d1bf-41e6-412d-9f11-9ba798932b26,199,Pantalón,4,102.17,2023-12-15
4ef13119-7dff-478e-b395-a501c848ce82,199,Zapatos,4,32.31,2024-01-25
8cea310c-cda1-4e39-b777-c4e30b0f162a,199,Pantalón,2,80.48,2023-09-27
f571e327-cd2e-4248-9b3d-06141600fba7,199,Bolso,1,95.77,2023-12-06
064fffd3-d247-4c84-83cd-3bf990d2f2d7,199,Gorra,4,66.28,2024-10-25
8ff3785b-debe-447b-96c8-99558308e043,199,Chaqueta,2,121.63,2025-06-05
53c65c61-f0ee-4ff2-94e2-2492be3afbb6,199,Pantalón,1,119.74,2024-08-08
37f74a34-0b00-4ca7-a0a0-39ea03033897,199,Zapatos,1,123.15,2024-07-07
6a8bdea0-66b8-4de2-a0b1-7f8fcc94a907,200,Bolso,1,46.07,2024-01-22
83a5b9cc-ebb4-44f7-8d83-90ef7b274040,200,Bolso,1,69.78,2024-06-11
57487930-fbd6-4ff6-8a80-a299bead3da0,200,Zapatos,4,47.23,2023-07-29
5e328bf0-bfd6-43ae-8d21-f51904890442,200,Zapatos,2,35.69,2023-07-31
